State,District,Subdistt,Town/Village,Level,Name,TRU,No_HH
10,203,0,0,DISTRICT,Pashchim Champaran,Total,710461
10,203,0,0,DISTRICT,Pashchim Champaran,Rural,637354
10,203,0,0,DISTRICT,Pashchim Champaran,Urban,73107
10,203,1013,0,SUB-DISTRICT,Sidhaw,Total,55436
10,203,1013,0,SUB-DISTRICT,Sidhaw,Rural,55436
10,203,1013,0,SUB-DISTRICT,Sidhaw,Urban,0
10,203,1013,215990,VILLAGE,Bhaisalotan,Rural,1954
10,203,1013,215991,VILLAGE,Tharhi,Rural,482
10,203,1013,215992,VILLAGE,Pipra,Rural,319
10,203,1013,215993,VILLAGE,Kotaraha,Rural,137
10,203,1013,215994,VILLAGE,Rampurwa,Rural,710
10,203,1013,215995,VILLAGE,Lachhmipur,Rural,333
10,203,1013,215996,VILLAGE,Daruabari,Rural,299
10,203,1013,215997,VILLAGE,Santpur,Rural,267
10,203,1013,215998,VILLAGE,Soharia,Rural,588
10,203,1013,215999,VILLAGE,Parsauni,Rural,853
10,203,1013,216000,VILLAGE,Balgangwa,Rural,738
10,203,1013,216001,VILLAGE,Jharharwa,Rural,356
10,203,1013,216002,VILLAGE,Shiunaha,Rural,297
10,203,1013,216003,VILLAGE,Champapur,Rural,492
10,203,1013,216004,VILLAGE,Narainapur,Rural,333
10,203,1013,216005,VILLAGE,Gonauli,Rural,250
10,203,1013,216006,VILLAGE,Malkauli,Rural,174
10,203,1013,216007,VILLAGE,Gorar,Rural,128
10,203,1013,216008,VILLAGE,Satchubanwa,Rural,171
10,203,1013,216009,VILLAGE,Pipra,Rural,262
10,203,1013,216010,VILLAGE,Songaharwa,Rural,263
10,203,1013,216011,VILLAGE,Dardari,Rural,395
10,203,1013,216012,VILLAGE,Misraulia,Rural,359
10,203,1013,216013,VILLAGE,Kotraha,Rural,210
10,203,1013,216014,VILLAGE,Naurangiya,Rural,527
10,203,1013,216015,VILLAGE,Kerai,Rural,157
10,203,1013,216016,VILLAGE,Berai,Rural,171
10,203,1013,216017,VILLAGE,Ghurauli,Rural,269
10,203,1013,216018,VILLAGE,Amhat,Rural,165
10,203,1013,216019,VILLAGE,Mohna,Rural,521
10,203,1013,216020,VILLAGE,Matiaria,Rural,250
10,203,1013,216021,VILLAGE,Amwa,Rural,327
10,203,1013,216022,VILLAGE,Katharwa,Rural,183
10,203,1013,216023,VILLAGE,Dewtaha,Rural,141
10,203,1013,216024,VILLAGE,Mahuawa,Rural,174
10,203,1013,216025,VILLAGE,Bankatwa,Rural,175
10,203,1013,216026,VILLAGE,Semra,Rural,255
10,203,1013,216027,VILLAGE,Harnatanr,Rural,764
10,203,1013,216028,VILLAGE,Mahdewa,Rural,282
10,203,1013,216029,VILLAGE,Bairiya Kalan,Rural,421
10,203,1013,216030,VILLAGE,Bairiya Khurd,Rural,538
10,203,1013,216031,VILLAGE,Chhatraul,Rural,472
10,203,1013,216032,VILLAGE,Garkatti,Rural,238
10,203,1013,216033,VILLAGE,Jarar,Rural,504
10,203,1013,216034,VILLAGE,Sinagahi,Rural,43
10,203,1013,216035,VILLAGE,Balua,Rural,790
10,203,1013,216037,VILLAGE,Belahwa,Rural,763
10,203,1013,216038,VILLAGE,Pachrukha,Rural,880
10,203,1013,216039,VILLAGE,Madanpur,Rural,647
10,203,1013,216040,VILLAGE,Rampurwa,Rural,1607
10,203,1013,216041,VILLAGE,Rampur,Rural,616
10,203,1013,216042,VILLAGE,Naakar Rampur,Rural,376
10,203,1013,216043,VILLAGE,Jamunapur,Rural,146
10,203,1013,216044,VILLAGE,Pipra Dharauli,Rural,466
10,203,1013,216046,VILLAGE,Binwaliya,Rural,489
10,203,1013,216047,VILLAGE,Dudhaura,Rural,312
10,203,1013,216048,VILLAGE,Karmaha,Rural,167
10,203,1013,216049,VILLAGE,Budhsar,Rural,276
10,203,1013,216050,VILLAGE,Batsara,Rural,331
10,203,1013,216051,VILLAGE,Sidhawa,Rural,359
10,203,1013,216052,VILLAGE,Naraingarh,Rural,200
10,203,1013,216053,VILLAGE,Behuarwa,Rural,366
10,203,1013,216056,VILLAGE,Majhauwa,Rural,287
10,203,1013,216057,VILLAGE,Bakulia,Rural,224
10,203,1013,216058,VILLAGE,Khamaura,Rural,283
10,203,1013,216059,VILLAGE,Barba Khurd,Rural,194
10,203,1013,216060,VILLAGE,Misraulia,Rural,306
10,203,1013,216061,VILLAGE,Dewriya,Rural,240
10,203,1013,216062,VILLAGE,Bharchhi,Rural,314
10,203,1013,216063,VILLAGE,Khajoria,Rural,386
10,203,1013,216064,VILLAGE,Amolba,Rural,55
10,203,1013,216065,VILLAGE,PandarKhap,Rural,182
10,203,1013,216066,VILLAGE,Barba Kalan,Rural,333
10,203,1013,216067,VILLAGE,Tariwanwa,Rural,390
10,203,1013,216068,VILLAGE,Kunai Lachhmipur,Rural,289
10,203,1013,216069,VILLAGE,Bhelahi,Rural,367
10,203,1013,216070,VILLAGE,Mainahamothia,Rural,101
10,203,1013,216071,VILLAGE,Jamira,Rural,342
10,203,1013,216072,VILLAGE,Nawatanwa,Rural,632
10,203,1013,216073,VILLAGE,Tikulia,Rural,186
10,203,1013,216074,VILLAGE,Nawtanwan,Rural,31
10,203,1013,216075,VILLAGE,Paorha,Rural,133
10,203,1013,216077,VILLAGE,Dharahia,Rural,403
10,203,1013,216078,VILLAGE,Hathiwanwan,Rural,248
10,203,1013,216079,VILLAGE,Dholbajwa,Rural,602
10,203,1013,216080,VILLAGE,Gangaulia,Rural,148
10,203,1013,216081,VILLAGE,Darhia,Rural,204
10,203,1013,216082,VILLAGE,Shiwraha,Rural,276
10,203,1013,216083,VILLAGE,Kerai Berai,Rural,230
10,203,1013,216084,VILLAGE,Marjadpur,Rural,333
10,203,1013,216085,VILLAGE,Ratanpurwa,Rural,271
10,203,1013,216086,VILLAGE,Lachhmipur,Rural,321
10,203,1013,216087,VILLAGE,Kataha,Rural,487
10,203,1013,216088,VILLAGE,Bhitaha,Rural,215
10,203,1013,216089,VILLAGE,Kadamha,Rural,433
10,203,1013,216090,VILLAGE,Chiutaha,Rural,652
10,203,1013,216091,VILLAGE,Bairagi Sonbarsa,Rural,844
10,203,1013,216092,VILLAGE,Serahwa,Rural,263
10,203,1013,216093,VILLAGE,Pipra,Rural,97
10,203,1013,216094,VILLAGE,Balkahwa,Rural,297
10,203,1013,216095,VILLAGE,Bairati ,Rural,359
10,203,1013,216096,VILLAGE,Barganw,Rural,13
10,203,1013,216097,VILLAGE,Kharhat,Rural,954
10,203,1013,216098,VILLAGE,Tonwa,Rural,369
10,203,1013,216099,VILLAGE,Barwa,Rural,237
10,203,1013,216100,VILLAGE,Belwachakhni,Rural,299
10,203,1013,216101,VILLAGE,Bariarwa,Rural,286
10,203,1013,216102,VILLAGE,Sapahi,Rural,226
10,203,1013,216103,VILLAGE,Mahuawa,Rural,268
10,203,1013,216104,VILLAGE,Tri-Bhauni,Rural,453
10,203,1013,216105,VILLAGE,Barwa,Rural,154
10,203,1013,216106,VILLAGE,Sirji Barhampur,Rural,263
10,203,1013,216107,VILLAGE,Bharauliya,Rural,245
10,203,1013,216108,VILLAGE,Shiuna,Rural,103
10,203,1013,216109,VILLAGE,Ramauliya,Rural,265
10,203,1013,216110,VILLAGE,Paikaulia,Rural,607
10,203,1013,216111,VILLAGE,Dhakdhaian,Rural,313
10,203,1013,216112,VILLAGE,Katkuina,Rural,246
10,203,1013,216113,VILLAGE,Medraul,Rural,160
10,203,1013,216114,VILLAGE,Semra,Rural,1089
10,203,1013,216115,VILLAGE,Khurharia,Rural,120
10,203,1013,216116,VILLAGE,Panchgarwa,Rural,486
10,203,1013,216117,VILLAGE,Jhankaul,Rural,127
10,203,1013,216118,VILLAGE,Tarwalia,Rural,277
10,203,1013,216119,VILLAGE,Harka,Rural,32
10,203,1013,216120,VILLAGE,Singari,Rural,411
10,203,1013,216121,VILLAGE,Bhinda Chaur,Rural,239
10,203,1013,216122,VILLAGE,Leduaphas Phaso,Rural,590
10,203,1013,216123,VILLAGE,Patherwa,Rural,255
10,203,1013,216124,VILLAGE,Pharsahni,Rural,348
10,203,1013,216126,VILLAGE,Bauridouri,Rural,256
10,203,1013,216127,VILLAGE,Nayaganw,Rural,337
10,203,1013,216128,VILLAGE,Ausani,Rural,711
10,203,1013,216129,VILLAGE,Mangalpur,Rural,869
10,203,1013,216130,VILLAGE,Pokharbhinda,Rural,69
10,203,1013,216131,VILLAGE,Sukhban,Rural,300
10,203,1013,216132,VILLAGE,Goiti,Rural,299
10,203,1013,216134,VILLAGE,Bansganw,Rural,318
10,203,1013,216135,VILLAGE,Sabeya Musai,Rural,139
10,203,1013,216138,VILLAGE,Gorkati,Rural,116
10,203,1013,216139,VILLAGE,Bindauliya,Rural,165
10,203,1013,216140,VILLAGE,Mahuar,Rural,466
10,203,1013,216141,VILLAGE,Bangaria,Rural,95
10,203,1013,216142,VILLAGE,Maghariya,Rural,127
10,203,1013,216143,VILLAGE,Narwal,Rural,661
10,203,1013,216144,VILLAGE,Pokharbhinda,Rural,246
10,203,1013,216146,VILLAGE,Barwal,Rural,728
10,203,1013,216149,VILLAGE,Serahwa,Rural,291
10,203,1013,216150,VILLAGE,Dhandhi,Rural,154
10,203,1013,216152,VILLAGE,Turki,Rural,112
10,203,1013,216153,VILLAGE,Semarkol,Rural,75
10,203,1013,216155,VILLAGE,Pipra,Rural,84
10,203,1013,216156,VILLAGE,Khiria urf Gamharia,Rural,139
10,203,1013,216157,VILLAGE,Sikatia,Rural,88
10,203,1013,216159,VILLAGE,Machharganwan,Rural,291
10,203,1013,216160,VILLAGE,Gurwaliya,Rural,74
10,203,1013,216161,VILLAGE,Matiaria,Rural,884
10,203,1013,216162,VILLAGE,Chamwalia,Rural,200
10,203,1013,216163,VILLAGE,Gopaulia,Rural,11
10,203,1014,0,SUB-DISTRICT,Ramnagar,Total,46036
10,203,1014,0,SUB-DISTRICT,Ramnagar,Rural,36913
10,203,1014,0,SUB-DISTRICT,Ramnagar,Urban,9123
10,203,1014,216164,VILLAGE,Bargajwa,Rural,294
10,203,1014,216165,VILLAGE,Baikunthwa,Rural,165
10,203,1014,216166,VILLAGE,Mahui,Rural,930
10,203,1014,216167,VILLAGE,Semra,Rural,129
10,203,1014,216168,VILLAGE,Barganw,Rural,380
10,203,1014,216169,VILLAGE,Serahwa,Rural,220
10,203,1014,216170,VILLAGE,Bahuari,Rural,305
10,203,1014,216171,VILLAGE,Inarbarwa,Rural,260
10,203,1014,216172,VILLAGE,Jogia,Rural,1113
10,203,1014,216173,VILLAGE,Pakri,Rural,246
10,203,1014,216174,VILLAGE,Kaulachi,Rural,107
10,203,1014,216175,VILLAGE,Maguraha,Rural,391
10,203,1014,216176,VILLAGE,Murlidih,Rural,78
10,203,1014,216177,VILLAGE,Sabea,Rural,870
10,203,1014,216178,VILLAGE,Hardia,Rural,223
10,203,1014,216179,VILLAGE,Gardi,Rural,268
10,203,1014,216180,VILLAGE,Naurangia,Rural,965
10,203,1014,216181,VILLAGE,Majurha,Rural,133
10,203,1014,216182,VILLAGE,Bairiya Kalan,Rural,135
10,203,1014,216183,VILLAGE,Barwa Dih,Rural,60
10,203,1014,216184,VILLAGE,Gobrahia,Rural,479
10,203,1014,216185,VILLAGE,Jhajhri,Rural,25
10,203,1014,216186,VILLAGE,Dhayar,Rural,88
10,203,1014,216187,VILLAGE,Betahni,Rural,89
10,203,1014,216189,VILLAGE,Belatandi,Rural,121
10,203,1014,216190,VILLAGE,Pipra,Rural,137
10,203,1014,216191,VILLAGE,Rupwaliya,Rural,104
10,203,1014,216192,VILLAGE,Bankatwa,Rural,350
10,203,1014,216195,VILLAGE,Serahwa,Rural,282
10,203,1014,216196,VILLAGE,Dokhni,Rural,520
10,203,1014,216197,VILLAGE,Narkatia,Rural,256
10,203,1014,216201,VILLAGE,Sitalbari,Rural,332
10,203,1014,216202,VILLAGE,Banbari,Rural,153
10,203,1014,216203,VILLAGE,Damrapur,Rural,36
10,203,1014,216204,VILLAGE,Hariharpur,Rural,130
10,203,1014,216205,VILLAGE,Siswa,Rural,213
10,203,1014,216206,VILLAGE,Santpur,Rural,291
10,203,1014,216207,VILLAGE,Chamardih Bargon,Rural,268
10,203,1014,216208,VILLAGE,Churiharwa,Rural,108
10,203,1014,216209,VILLAGE,Gudgudi,Rural,461
10,203,1014,216211,VILLAGE,Kumhiya Kalan,Rural,243
10,203,1014,216212,VILLAGE,Khataura,Rural,262
10,203,1014,216213,VILLAGE,Khatauri,Rural,577
10,203,1014,216214,VILLAGE,Khairia,Rural,120
10,203,1014,216215,VILLAGE,Pakri,Rural,482
10,203,1014,216218,VILLAGE,Belwa Mokarari,Rural,406
10,203,1014,216219,VILLAGE,Beili,Rural,91
10,203,1014,216221,VILLAGE,Bara Belwa,Rural,306
10,203,1014,216223,VILLAGE,Kumhiya Khurd,Rural,154
10,203,1014,216224,VILLAGE,Imrit Katharwa,Rural,110
10,203,1014,216225,VILLAGE,Pathri,Rural,192
10,203,1014,216226,VILLAGE,Siwrahi,Rural,239
10,203,1014,216227,VILLAGE,Dumri,Rural,440
10,203,1014,216228,VILLAGE,Singahi,Rural,174
10,203,1014,216229,VILLAGE,Bakhraha,Rural,407
10,203,1014,216230,VILLAGE,Bagahi,Rural,489
10,203,1014,216231,VILLAGE,Nautanwa,Rural,210
10,203,1014,216232,VILLAGE,Sakhuani,Rural,45
10,203,1014,216233,VILLAGE,Gobardhana,Rural,317
10,203,1014,216234,VILLAGE,Kanghusri,Rural,81
10,203,1014,216235,VILLAGE,Manohagwan,Rural,424
10,203,1014,216236,VILLAGE,Ghoraghat Khaira,Rural,88
10,203,1014,216237,VILLAGE,Bairiya,Rural,72
10,203,1014,216238,VILLAGE,Bankatwa,Rural,509
10,203,1014,216239,VILLAGE,Pokharia,Rural,151
10,203,1014,216240,VILLAGE,Parsauni,Rural,608
10,203,1014,216241,VILLAGE,Bakri Pachrukhiya,Rural,754
10,203,1014,216242,VILLAGE,Bakwa,Rural,459
10,203,1014,216244,VILLAGE,Sonha,Rural,84
10,203,1014,216245,VILLAGE,Jharatwa,Rural,113
10,203,1014,216246,VILLAGE,Meghwal,Rural,777
10,203,1014,216247,VILLAGE,Harpur,Rural,181
10,203,1014,216248,VILLAGE,Kanghusri,Rural,128
10,203,1014,216249,VILLAGE,Phulkaul,Rural,416
10,203,1014,216250,VILLAGE,Phulwaria,Rural,293
10,203,1014,216252,VILLAGE,Mathiya,Rural,1016
10,203,1014,216253,VILLAGE,Khajuria,Rural,151
10,203,1014,216256,VILLAGE,Birkehni,Rural,98
10,203,1014,216257,VILLAGE,Madhubani,Rural,248
10,203,1014,216258,VILLAGE,Churiharwa,Rural,202
10,203,1014,216259,VILLAGE,Phagunahta,Rural,102
10,203,1014,216260,VILLAGE,Jabka,Rural,205
10,203,1014,216263,VILLAGE,Bholehar,Rural,64
10,203,1014,216264,VILLAGE,Pipra Mafi,Rural,157
10,203,1014,216265,VILLAGE,Bhawal,Rural,847
10,203,1014,216266,VILLAGE,Dhanarpa,Rural,233
10,203,1014,216267,VILLAGE,Kunriya,Rural,35
10,203,1014,216268,VILLAGE,Phulwariya,Rural,557
10,203,1014,216269,VILLAGE,Pipra,Rural,6
10,203,1014,216270,VILLAGE,Murera,Rural,447
10,203,1014,216271,VILLAGE,Belwa,Rural,391
10,203,1014,216272,VILLAGE,Sikta,Rural,193
10,203,1014,216273,VILLAGE,Dainmarwa,Rural,1335
10,203,1014,216274,VILLAGE,Bishunpurwa,Rural,192
10,203,1014,216275,VILLAGE,Pakri,Rural,221
10,203,1014,216276,VILLAGE,Chargharwa,Rural,274
10,203,1014,216277,VILLAGE,Nayaganw,Rural,397
10,203,1014,216278,VILLAGE,Arazi Pipra,Rural,123
10,203,1014,216279,VILLAGE,Pipra,Rural,62
10,203,1014,216280,VILLAGE,Dhokraha,Rural,611
10,203,1014,216281,VILLAGE,Pachrukha,Rural,295
10,203,1014,216282,VILLAGE,Barwa Banjariya,Rural,234
10,203,1014,216283,VILLAGE,Chhagurahi Banjariya,Rural,261
10,203,1014,216284,VILLAGE,Sapahi,Rural,284
10,203,1014,216285,VILLAGE,Sarhatwa,Rural,190
10,203,1014,216286,VILLAGE,Katsikri,Rural,168
10,203,1014,216288,VILLAGE,Gaunara,Rural,24
10,203,1014,216291,VILLAGE,Dubauliya,Rural,97
10,203,1014,216292,VILLAGE,Sohsa,Rural,461
10,203,1014,216293,VILLAGE,Lakhankhor,Rural,223
10,203,1014,216294,VILLAGE,Chaugharia,Rural,112
10,203,1014,216296,VILLAGE,Shivpurwa,Rural,191
10,203,1014,216297,VILLAGE,Kot Banjariya,Rural,73
10,203,1014,216298,VILLAGE,Sonkhar,Rural,622
10,203,1014,216302,VILLAGE,Bargon,Rural,244
10,203,1014,216303,VILLAGE,Mujra,Rural,559
10,203,1014,216304,VILLAGE,silautia,Rural,177
10,203,1014,216305,VILLAGE,Babhnauli,Rural,146
10,203,1014,216307,VILLAGE,Sigri,Rural,604
10,203,1014,216309,VILLAGE,Balaura,Rural,157
10,203,1014,216310,VILLAGE,Jharharwa,Rural,26
10,203,1014,216311,VILLAGE,Bigri,Rural,300
10,203,1014,216312,VILLAGE,Taulaha,Rural,760
10,203,1014,216314,VILLAGE,Dewaliya,Rural,357
10,203,1014,216315,VILLAGE,Babhni,Rural,64
10,203,1014,801277,TOWN,Ramnagar (NP),Urban,9123
10,203,1014,801277,WARD,Ramnagar (NP) WARD NO.-0001,Urban,564
10,203,1014,801277,WARD,Ramnagar (NP) WARD NO.-0002,Urban,349
10,203,1014,801277,WARD,Ramnagar (NP) WARD NO.-0003,Urban,361
10,203,1014,801277,WARD,Ramnagar (NP) WARD NO.-0004,Urban,229
10,203,1014,801277,WARD,Ramnagar (NP) WARD NO.-0005,Urban,411
10,203,1014,801277,WARD,Ramnagar (NP) WARD NO.-0006,Urban,442
10,203,1014,801277,WARD,Ramnagar (NP) WARD NO.-0007,Urban,474
10,203,1014,801277,WARD,Ramnagar (NP) WARD NO.-0008,Urban,621
10,203,1014,801277,WARD,Ramnagar (NP) WARD NO.-0009,Urban,256
10,203,1014,801277,WARD,Ramnagar (NP) WARD NO.-0010,Urban,489
10,203,1014,801277,WARD,Ramnagar (NP) WARD NO.-0011,Urban,272
10,203,1014,801277,WARD,Ramnagar (NP) WARD NO.-0012,Urban,496
10,203,1014,801277,WARD,Ramnagar (NP) WARD NO.-0013,Urban,395
10,203,1014,801277,WARD,Ramnagar (NP) WARD NO.-0014,Urban,195
10,203,1014,801277,WARD,Ramnagar (NP) WARD NO.-0015,Urban,180
10,203,1014,801277,WARD,Ramnagar (NP) WARD NO.-0016,Urban,557
10,203,1014,801277,WARD,Ramnagar (NP) WARD NO.-0017,Urban,171
10,203,1014,801277,WARD,Ramnagar (NP) WARD NO.-0018,Urban,500
10,203,1014,801277,WARD,Ramnagar (NP) WARD NO.-0019,Urban,336
10,203,1014,801277,WARD,Ramnagar (NP) WARD NO.-0020,Urban,797
10,203,1014,801277,WARD,Ramnagar (NP) WARD NO.-0021,Urban,371
10,203,1014,801277,WARD,Ramnagar (NP) WARD NO.-0022,Urban,353
10,203,1014,801277,WARD,Ramnagar (NP) WARD NO.-0023,Urban,304
10,203,1015,0,SUB-DISTRICT,Gaunaha,Total,37289
10,203,1015,0,SUB-DISTRICT,Gaunaha,Rural,37289
10,203,1015,0,SUB-DISTRICT,Gaunaha,Urban,0
10,203,1015,216316,VILLAGE,Parsa,Rural,188
10,203,1015,216317,VILLAGE,Mahuawa,Rural,148
10,203,1015,216318,VILLAGE,Hasti Bairia,Rural,20
10,203,1015,216319,VILLAGE,Sonbarsa,Rural,220
10,203,1015,216320,VILLAGE,Matiaria,Rural,418
10,203,1015,216321,VILLAGE,Mahui,Rural,179
10,203,1015,216322,VILLAGE,Bairia,Rural,118
10,203,1015,216323,VILLAGE,Belwa,Rural,185
10,203,1015,216324,VILLAGE,Gujra Motihari,Rural,72
10,203,1015,216325,VILLAGE,Jamunia,Rural,48
10,203,1015,216326,VILLAGE,Turkaulia,Rural,279
10,203,1015,216327,VILLAGE,Lachhnauta,Rural,295
10,203,1015,216328,VILLAGE,Shajahanpur,Rural,41
10,203,1015,216330,VILLAGE,Parsa,Rural,221
10,203,1015,216331,VILLAGE,Serahwa,Rural,166
10,203,1015,216332,VILLAGE,Masjidwa,Rural,366
10,203,1015,216333,VILLAGE,Sirsia,Rural,227
10,203,1015,216334,VILLAGE,Sherpur,Rural,140
10,203,1015,216336,VILLAGE,Mandiha,Rural,329
10,203,1015,216337,VILLAGE,Bakhri,Rural,239
10,203,1015,216338,VILLAGE,Bijaypur,Rural,199
10,203,1015,216339,VILLAGE,Dih Jagarnathpur,Rural,97
10,203,1015,216340,VILLAGE,Sithi,Rural,497
10,203,1015,216341,VILLAGE,Bishunpurwa,Rural,99
10,203,1015,216342,VILLAGE,Kachkahar,Rural,163
10,203,1015,216343,VILLAGE,Gamharia,Rural,277
10,203,1015,216344,VILLAGE,Tahkaul,Rural,235
10,203,1015,216345,VILLAGE,Pahkaul,Rural,127
10,203,1015,216347,VILLAGE,Barharwa,Rural,265
10,203,1015,216348,VILLAGE,Pakri Khurd,Rural,49
10,203,1015,216349,VILLAGE,Pakri Kalan,Rural,122
10,203,1015,216350,VILLAGE,Belsandi,Rural,417
10,203,1015,216351,VILLAGE,Hardi,Rural,245
10,203,1015,216353,VILLAGE,Mehnaul Kalan,Rural,508
10,203,1015,216354,VILLAGE,Itwa,Rural,121
10,203,1015,216356,VILLAGE,Bhuski,Rural,354
10,203,1015,216357,VILLAGE,Daraul,Rural,992
10,203,1015,216358,VILLAGE,Mehnaul Khurd,Rural,151
10,203,1015,216359,VILLAGE,Hauda,Rural,94
10,203,1015,216360,VILLAGE,Dumra,Rural,486
10,203,1015,216361,VILLAGE,Serahwa,Rural,216
10,203,1015,216363,VILLAGE,Ahrar,Rural,115
10,203,1015,216364,VILLAGE,Pipra,Rural,547
10,203,1015,216365,VILLAGE,Salempur,Rural,175
10,203,1015,216366,VILLAGE,Balua,Rural,102
10,203,1015,216367,VILLAGE,Mitni,Rural,180
10,203,1015,216368,VILLAGE,Matihani,Rural,152
10,203,1015,216369,VILLAGE,Kohargari,Rural,303
10,203,1015,216370,VILLAGE,Baswaria,Rural,370
10,203,1015,216371,VILLAGE,Tara,Rural,39
10,203,1015,216372,VILLAGE,Semri,Rural,270
10,203,1015,216373,VILLAGE,Sarpharwa,Rural,145
10,203,1015,216374,VILLAGE,Pirari,Rural,99
10,203,1015,216375,VILLAGE,Bajni,Rural,98
10,203,1015,216376,VILLAGE,Jamhauli,Rural,139
10,203,1015,216377,VILLAGE,Dumri,Rural,294
10,203,1015,216378,VILLAGE,Harkatwa,Rural,300
10,203,1015,216379,VILLAGE,Maguraha,Rural,558
10,203,1015,216380,VILLAGE,Gawnaha,Rural,770
10,203,1015,216381,VILLAGE,Rupaulia,Rural,462
10,203,1015,216382,VILLAGE,Harpur,Rural,264
10,203,1015,216383,VILLAGE,Parsa,Rural,531
10,203,1015,216384,VILLAGE,Rampurwa,Rural,111
10,203,1015,216385,VILLAGE,Piparia,Rural,140
10,203,1015,216386,VILLAGE,Bairia,Rural,145
10,203,1015,216387,VILLAGE,Bhitharwa,Rural,337
10,203,1015,216388,VILLAGE,Bairatwa,Rural,147
10,203,1015,216389,VILLAGE,Bhitharwa Dheri Dhenhwa,Rural,245
10,203,1015,216390,VILLAGE,Marjadi,Rural,84
10,203,1015,216391,VILLAGE,Marjadi,Rural,212
10,203,1015,216392,VILLAGE,Goithahi,Rural,142
10,203,1015,216393,VILLAGE,Balua,Rural,179
10,203,1015,216395,VILLAGE,Madhopur,Rural,1040
10,203,1015,216396,VILLAGE,Semra  Sirampur,Rural,721
10,203,1015,216397,VILLAGE,Balua,Rural,86
10,203,1015,216398,VILLAGE,Pakri Basauli,Rural,843
10,203,1015,216399,VILLAGE,Saithaul,Rural,151
10,203,1015,216401,VILLAGE,Serhua,Rural,164
10,203,1015,216402,VILLAGE,Balia,Rural,142
10,203,1015,216403,VILLAGE,Hardia,Rural,202
10,203,1015,216404,VILLAGE,Basantpur,Rural,192
10,203,1015,216405,VILLAGE,Lachhnauta,Rural,630
10,203,1015,216406,VILLAGE,Majharia,Rural,190
10,203,1015,216407,VILLAGE,Jaria,Rural,41
10,203,1015,216408,VILLAGE,Basantpur,Rural,1
10,203,1015,216409,VILLAGE,Belwa,Rural,1167
10,203,1015,216410,VILLAGE,Amolwa,Rural,469
10,203,1015,216411,VILLAGE,Murli Bharahwa,Rural,525
10,203,1015,216412,VILLAGE,Pipra,Rural,367
10,203,1015,216413,VILLAGE,Ajhia Serwa,Rural,87
10,203,1015,216414,VILLAGE,Pachrukhia,Rural,109
10,203,1015,216415,VILLAGE,Mahuawa Bhaisa,Rural,275
10,203,1015,216416,VILLAGE,Poharwa,Rural,153
10,203,1015,216417,VILLAGE,Harpur,Rural,186
10,203,1015,216418,VILLAGE,Patkhauli,Rural,210
10,203,1015,216419,VILLAGE,Bairia,Rural,369
10,203,1015,216420,VILLAGE,Bajra,Rural,405
10,203,1015,216421,VILLAGE,Kharkatwa,Rural,137
10,203,1015,216422,VILLAGE,Belwa,Rural,197
10,203,1015,216423,VILLAGE,Majharia,Rural,441
10,203,1015,216424,VILLAGE,Rajpur,Rural,73
10,203,1015,216425,VILLAGE,Masahi,Rural,228
10,203,1015,216426,VILLAGE,Kamta,Rural,377
10,203,1015,216427,VILLAGE,Chhitmi,Rural,193
10,203,1015,216428,VILLAGE,Asurari,Rural,59
10,203,1015,216429,VILLAGE,Kauaha,Rural,117
10,203,1015,216430,VILLAGE,Serahwa,Rural,194
10,203,1015,216431,VILLAGE,Mandiha,Rural,174
10,203,1015,216432,VILLAGE,Balua,Rural,129
10,203,1015,216433,VILLAGE,Pipra,Rural,558
10,203,1015,216434,VILLAGE,Banspur,Rural,179
10,203,1015,216435,VILLAGE,Pararauna,Rural,294
10,203,1015,216436,VILLAGE,Bahuarwa,Rural,93
10,203,1015,216437,VILLAGE,Barwa,Rural,349
10,203,1015,216439,VILLAGE,Bhawanipur,Rural,162
10,203,1015,216441,VILLAGE,Dhanauji,Rural,230
10,203,1015,216442,VILLAGE,Kathraw,Rural,267
10,203,1015,216443,VILLAGE,Bendauli,Rural,312
10,203,1015,216444,VILLAGE,Pahkaul,Rural,311
10,203,1015,216445,VILLAGE,Kehunia Dih,Rural,4
10,203,1015,216446,VILLAGE,Sisai,Rural,57
10,203,1015,216447,VILLAGE,Ratni,Rural,147
10,203,1015,216448,VILLAGE,Ratanpurwa,Rural,86
10,203,1015,216449,VILLAGE,Parsanda,Rural,311
10,203,1015,216450,VILLAGE,Dumaria,Rural,281
10,203,1015,216451,VILLAGE,Domat,Rural,399
10,203,1015,216452,VILLAGE,Bishunpurwa,Rural,120
10,203,1015,216453,VILLAGE,Kairi,Rural,146
10,203,1015,216454,VILLAGE,Kataha,Rural,4
10,203,1015,216455,VILLAGE,Mahajogin,Rural,129
10,203,1015,216456,VILLAGE,Dharampur,Rural,73
10,203,1015,216457,VILLAGE,Botgonw,Rural,48
10,203,1015,216458,VILLAGE,Gheghaulia,Rural,74
10,203,1015,216459,VILLAGE,Rajpur,Rural,218
10,203,1015,216460,VILLAGE,Sonkhar,Rural,4
10,203,1015,216461,VILLAGE,Balwal,Rural,169
10,203,1015,216462,VILLAGE,Parsa Dih,Rural,109
10,203,1015,216463,VILLAGE,Betahania,Rural,147
10,203,1015,216465,VILLAGE,Bhawanipur,Rural,122
10,203,1015,216466,VILLAGE,Bairia,Rural,43
10,203,1015,216467,VILLAGE,Bhatni,Rural,65
10,203,1015,216469,VILLAGE,Dewarh,Rural,325
10,203,1015,216470,VILLAGE,Gawnaha,Rural,157
10,203,1015,216471,VILLAGE,Jamunia,Rural,513
10,203,1015,216472,VILLAGE,Genharia,Rural,439
10,203,1015,216473,VILLAGE,Lachhmipur,Rural,284
10,203,1015,216474,VILLAGE,Ban Bairia,Rural,219
10,203,1015,216475,VILLAGE,Dhamaura,Rural,388
10,203,1015,216476,VILLAGE,Supaul,Rural,68
10,203,1015,216477,VILLAGE,Khairatia,Rural,141
10,203,1015,216478,VILLAGE,Ekwa,Rural,201
10,203,1015,216479,VILLAGE,Bhatujhila,Rural,96
10,203,1015,216480,VILLAGE,Parsauni,Rural,208
10,203,1015,216481,VILLAGE,Ekdarwa,Rural,193
10,203,1015,216482,VILLAGE,Charihani,Rural,94
10,203,1015,216483,VILLAGE,Bhikhnathori,Rural,140
10,203,1016,0,SUB-DISTRICT,Mainatanr,Total,34349
10,203,1016,0,SUB-DISTRICT,Mainatanr,Rural,34349
10,203,1016,0,SUB-DISTRICT,Mainatanr,Urban,0
10,203,1016,216484,VILLAGE,Kewlapur,Rural,39
10,203,1016,216485,VILLAGE,Bhatuahwa,Rural,379
10,203,1016,216486,VILLAGE,Damrapur,Rural,457
10,203,1016,216487,VILLAGE,Tilojpur,Rural,364
10,203,1016,216488,VILLAGE,Dudhaura,Rural,162
10,203,1016,216489,VILLAGE,Sitlapur,Rural,2
10,203,1016,216490,VILLAGE,Bhirbhiri,Rural,175
10,203,1016,216491,VILLAGE,Biranchi,Rural,463
10,203,1016,216492,VILLAGE,Laukar,Rural,251
10,203,1016,216493,VILLAGE,Puraina,Rural,376
10,203,1016,216494,VILLAGE,Manpur,Rural,17
10,203,1016,216495,VILLAGE,Chakarsen,Rural,311
10,203,1016,216496,VILLAGE,Gamharia,Rural,36
10,203,1016,216497,VILLAGE,Hardia,Rural,134
10,203,1016,216498,VILLAGE,Pararia,Rural,115
10,203,1016,216499,VILLAGE,Pachgachhia,Rural,1
10,203,1016,216500,VILLAGE,Jigna,Rural,290
10,203,1016,216501,VILLAGE,Pachrauta,Rural,89
10,203,1016,216502,VILLAGE,Rampur,Rural,754
10,203,1016,216503,VILLAGE,Chauhatta,Rural,349
10,203,1016,216504,VILLAGE,Dhokraha,Rural,273
10,203,1016,216505,VILLAGE,Bakulahia,Rural,188
10,203,1016,216507,VILLAGE,Sihnaula,Rural,262
10,203,1016,216508,VILLAGE,Pakri,Rural,132
10,203,1016,216509,VILLAGE,Barwa,Rural,677
10,203,1016,216510,VILLAGE,Pachrukha,Rural,227
10,203,1016,216511,VILLAGE,Sirhwa,Rural,206
10,203,1016,216512,VILLAGE,Pachrukhi,Rural,171
10,203,1016,216513,VILLAGE,Pipra,Rural,124
10,203,1016,216514,VILLAGE,Behri,Rural,728
10,203,1016,216515,VILLAGE,Jasauli,Rural,185
10,203,1016,216516,VILLAGE,Dhumatanr,Rural,565
10,203,1016,216518,VILLAGE,Bhangaha,Rural,1582
10,203,1016,216519,VILLAGE,Shahpur Parsuni,Rural,377
10,203,1016,216520,VILLAGE,Jobdi,Rural,296
10,203,1016,216521,VILLAGE,Jhumka,Rural,300
10,203,1016,216522,VILLAGE,Kaulapur,Rural,77
10,203,1016,216523,VILLAGE,Parsauni,Rural,310
10,203,1016,216524,VILLAGE,Padmaul,Rural,97
10,203,1016,216525,VILLAGE,Pirari,Rural,1102
10,203,1016,216526,VILLAGE,Senuaria,Rural,210
10,203,1016,216527,VILLAGE,Jhanjhri,Rural,584
10,203,1016,216528,VILLAGE,Ghorpakri,Rural,623
10,203,1016,216529,VILLAGE,Sebia,Rural,151
10,203,1016,216530,VILLAGE,Nagardahi,Rural,248
10,203,1016,216531,VILLAGE,Indarwa,Rural,1063
10,203,1016,216532,VILLAGE,Bhatkaul,Rural,98
10,203,1016,216533,VILLAGE,Sakraul,Rural,722
10,203,1016,216534,VILLAGE,Bairia,Rural,76
10,203,1016,216535,VILLAGE,Khamhia,Rural,656
10,203,1016,216536,VILLAGE,Rampurwa,Rural,563
10,203,1016,216537,VILLAGE,Bhaluahia,Rural,195
10,203,1016,216538,VILLAGE,Basantpur,Rural,601
10,203,1016,216539,VILLAGE,Tola Chhaparia,Rural,737
10,203,1016,216540,VILLAGE,Dewalia,Rural,277
10,203,1016,216541,VILLAGE,Piparpanti,Rural,229
10,203,1016,216542,VILLAGE,Singasani,Rural,135
10,203,1016,216543,VILLAGE,Bahuarwa,Rural,166
10,203,1016,216544,VILLAGE,Purainia,Rural,602
10,203,1016,216545,VILLAGE,Chiutaha,Rural,278
10,203,1016,216546,VILLAGE,Dhobni,Rural,350
10,203,1016,216547,VILLAGE,Inarwa,Rural,233
10,203,1016,216548,VILLAGE,Basantpur,Rural,344
10,203,1016,216549,VILLAGE,Lipni,Rural,526
10,203,1016,216550,VILLAGE,Asogwa,Rural,149
10,203,1016,216551,VILLAGE,Bharwalia,Rural,97
10,203,1016,216552,VILLAGE,Baudh Barwa,Rural,287
10,203,1016,216554,VILLAGE,Langri,Rural,320
10,203,1016,216555,VILLAGE,Ramnagri,Rural,292
10,203,1016,216556,VILLAGE,Mainatanr,Rural,1155
10,203,1016,216557,VILLAGE,Babhnauli,Rural,190
10,203,1016,216558,VILLAGE,Bheriharwa,Rural,128
10,203,1016,216559,VILLAGE,Pakuhawa,Rural,642
10,203,1016,216560,VILLAGE,Bahuarwa Tilangahi,Rural,368
10,203,1016,216561,VILLAGE,Parsotimpur,Rural,434
10,203,1016,216562,VILLAGE,Madhuri,Rural,705
10,203,1016,216563,VILLAGE,Bahuarwa,Rural,307
10,203,1016,216564,VILLAGE,Narkatia,Rural,254
10,203,1016,216565,VILLAGE,Lachhmipur,Rural,553
10,203,1016,216566,VILLAGE,Bharbharwa,Rural,280
10,203,1016,216567,VILLAGE,Bherihari,Rural,604
10,203,1016,216568,VILLAGE,Marjadwa,Rural,414
10,203,1016,216569,VILLAGE,Mahuawa,Rural,632
10,203,1016,216570,VILLAGE,Parsa,Rural,518
10,203,1016,216571,VILLAGE,Bhaluahia,Rural,374
10,203,1016,216572,VILLAGE,Balirampur,Rural,307
10,203,1016,216573,VILLAGE,Belwania,Rural,194
10,203,1016,216574,VILLAGE,Majharia,Rural,304
10,203,1016,216575,VILLAGE,Santpur Parsauni,Rural,352
10,203,1016,216576,VILLAGE,Bastha,Rural,918
10,203,1016,216577,VILLAGE,Pipra Santpur,Rural,276
10,203,1016,216579,VILLAGE,Gauripur,Rural,181
10,203,1016,216580,VILLAGE,Sukhlahi,Rural,804
10,203,1017,0,SUB-DISTRICT,Narkatiaganj,Total,68915
10,203,1017,0,SUB-DISTRICT,Narkatiaganj,Rural,59832
10,203,1017,0,SUB-DISTRICT,Narkatiaganj,Urban,9083
10,203,1017,216581,VILLAGE,Bargon,Rural,212
10,203,1017,216582,VILLAGE,Merraul,Rural,135
10,203,1017,216583,VILLAGE,Parsi,Rural,324
10,203,1017,216584,VILLAGE,Bhataura,Rural,403
10,203,1017,216585,VILLAGE,Manwa,Rural,268
10,203,1017,216586,VILLAGE,Bishunpurwa,Rural,531
10,203,1017,216587,VILLAGE,Mahuawa,Rural,589
10,203,1017,216588,VILLAGE,Pipra,Rural,253
10,203,1017,216589,VILLAGE,Majharia,Rural,202
10,203,1017,216590,VILLAGE,Bargajwa,Rural,214
10,203,1017,216591,VILLAGE,Pakri,Rural,823
10,203,1017,216592,VILLAGE,Siswa,Rural,80
10,203,1017,216593,VILLAGE,Sitwapur,Rural,284
10,203,1017,216594,VILLAGE,Harditerha,Rural,739
10,203,1017,216595,VILLAGE,Maheshpur,Rural,473
10,203,1017,216596,VILLAGE,Satwaria,Rural,435
10,203,1017,216597,VILLAGE,Shikarpur,Rural,1336
10,203,1017,216598,VILLAGE,Indarwa,Rural,226
10,203,1017,216599,VILLAGE,Mujauna,Rural,121
10,203,1017,216600,VILLAGE,Kesaria,Rural,1001
10,203,1017,216601,VILLAGE,Majharia,Rural,391
10,203,1017,216602,VILLAGE,Kundalpur,Rural,321
10,203,1017,216603,VILLAGE,Bisambharapur,Rural,1
10,203,1017,216604,VILLAGE,Bargajwa,Rural,705
10,203,1017,216605,VILLAGE,Kukurha,Rural,959
10,203,1017,216606,VILLAGE,Chanpatia,Rural,213
10,203,1017,216607,VILLAGE,Tilokwa,Rural,167
10,203,1017,216608,VILLAGE,Nautanwa,Rural,1080
10,203,1017,216609,VILLAGE,Odarwa,Rural,312
10,203,1017,216610,VILLAGE,Murli,Rural,192
10,203,1017,216611,VILLAGE,Tola Pararia,Rural,367
10,203,1017,216612,VILLAGE,Phulwaria,Rural,532
10,203,1017,216613,VILLAGE,Sakhuania,Rural,323
10,203,1017,216615,VILLAGE,Dhobaha,Rural,965
10,203,1017,216616,VILLAGE,Rakhahi,Rural,522
10,203,1017,216617,VILLAGE,Malda,Rural,243
10,203,1017,216618,VILLAGE,Bairia,Rural,474
10,203,1017,216619,VILLAGE,Maldi,Rural,360
10,203,1017,216620,VILLAGE,Tarharwa,Rural,130
10,203,1017,216621,VILLAGE,Chitamanpur,Rural,125
10,203,1017,216622,VILLAGE,Sisai,Rural,484
10,203,1017,216623,VILLAGE,Champapur,Rural,290
10,203,1017,216625,VILLAGE,Dhaarahwa,Rural,274
10,203,1017,216626,VILLAGE,Khairwa,Rural,88
10,203,1017,216627,VILLAGE,Mathura,Rural,496
10,203,1017,216628,VILLAGE,Siarahi,Rural,276
10,203,1017,216629,VILLAGE,Belwania,Rural,477
10,203,1017,216630,VILLAGE,Gokhula,Rural,846
10,203,1017,216631,VILLAGE,Durgaulia,Rural,316
10,203,1017,216632,VILLAGE,Nankar,Rural,277
10,203,1017,216633,VILLAGE,Motihari,Rural,198
10,203,1017,216634,VILLAGE,Barwa,Rural,342
10,203,1017,216635,VILLAGE,Auraia,Rural,85
10,203,1017,216636,VILLAGE,Bairia,Rural,240
10,203,1017,216637,VILLAGE,Maga Rahi,Rural,327
10,203,1017,216638,VILLAGE,Bhasurari,Rural,555
10,203,1017,216639,VILLAGE,Pokharia,Rural,301
10,203,1017,216640,VILLAGE,Barwa Barauli,Rural,795
10,203,1017,216641,VILLAGE,Sonasati,Rural,740
10,203,1017,216642,VILLAGE,Rajpur,Rural,522
10,203,1017,216643,VILLAGE,Mahuawa,Rural,44
10,203,1017,216644,VILLAGE,Musaharwa,Rural,532
10,203,1017,216645,VILLAGE,Garurha,Rural,145
10,203,1017,216646,VILLAGE,Poia,Rural,70
10,203,1017,216647,VILLAGE,Dhaminha,Rural,437
10,203,1017,216648,VILLAGE,Harsari,Rural,289
10,203,1017,216649,VILLAGE,Purainia,Rural,653
10,203,1017,216650,VILLAGE,Koirganwan,Rural,325
10,203,1017,216651,VILLAGE,Tumkaria,Rural,248
10,203,1017,216652,VILLAGE,Katgharwa,Rural,316
10,203,1017,216653,VILLAGE,Narkatia,Rural,247
10,203,1017,216654,VILLAGE,Bishunpurwa,Rural,308
10,203,1017,216655,VILLAGE,Sofwa,Rural,258
10,203,1017,216656,VILLAGE,Barwa,Rural,345
10,203,1017,216658,VILLAGE,Jaimangalpur,Rural,352
10,203,1017,216659,VILLAGE,Jamunia,Rural,374
10,203,1017,216660,VILLAGE,Mathia Khap,Rural,22
10,203,1017,216661,VILLAGE,Mathia Nisf,Rural,177
10,203,1017,216662,VILLAGE,Mathia,Rural,82
10,203,1017,216663,VILLAGE,Khiria,Rural,224
10,203,1017,216664,VILLAGE,Marhia,Rural,759
10,203,1017,216665,VILLAGE,Sirahwa,Rural,29
10,203,1017,216666,VILLAGE,Matiaria,Rural,433
10,203,1017,216667,VILLAGE,Dhumnagiar,Rural,949
10,203,1017,216668,VILLAGE,Terhi Kuia,Rural,165
10,203,1017,216669,VILLAGE,Chengauna,Rural,698
10,203,1017,216670,VILLAGE,Pokharia,Rural,488
10,203,1017,216671,VILLAGE,Maldahia,Rural,671
10,203,1017,216673,VILLAGE,Semra,Rural,136
10,203,1017,216674,VILLAGE,Laukaria,Rural,245
10,203,1017,216675,VILLAGE,Sugauli,Rural,636
10,203,1017,216676,VILLAGE,Banwaria,Rural,398
10,203,1017,216678,VILLAGE,Kaulachi,Rural,47
10,203,1017,216679,VILLAGE,Imilia,Rural,62
10,203,1017,216681,VILLAGE,Rampur,Rural,380
10,203,1017,216682,VILLAGE,Anjua,Rural,1022
10,203,1017,216684,VILLAGE,Mujauna,Rural,358
10,203,1017,216685,VILLAGE,Bahuarwa,Rural,344
10,203,1017,216686,VILLAGE,Chaurbar,Rural,84
10,203,1017,216687,VILLAGE,Siswa,Rural,252
10,203,1017,216688,VILLAGE,Bahuarwa,Rural,218
10,203,1017,216689,VILLAGE,Sirahwa,Rural,705
10,203,1017,216690,VILLAGE,Dakahwa,Rural,205
10,203,1017,216691,VILLAGE,Dhankutwa,Rural,291
10,203,1017,216692,VILLAGE,Takia,Rural,409
10,203,1017,216693,VILLAGE,Dumaria,Rural,729
10,203,1017,216694,VILLAGE,Kharkatwa,Rural,184
10,203,1017,216695,VILLAGE,Pipra,Rural,260
10,203,1017,216696,VILLAGE,Murli,Rural,184
10,203,1017,216697,VILLAGE,Sakraul,Rural,138
10,203,1017,216698,VILLAGE,Lediharwa,Rural,142
10,203,1017,216699,VILLAGE,Tutuhia,Rural,21
10,203,1017,216700,VILLAGE,Madhubani,Rural,438
10,203,1017,216701,VILLAGE,Roari,Rural,837
10,203,1017,216702,VILLAGE,Siswa,Rural,389
10,203,1017,216703,VILLAGE,Bijbania,Rural,86
10,203,1017,216704,VILLAGE,Kehunia,Rural,1032
10,203,1017,216705,VILLAGE,Gobardhana,Rural,266
10,203,1017,216706,VILLAGE,Parorha,Rural,654
10,203,1017,216708,VILLAGE,Bhagauna,Rural,367
10,203,1017,216709,VILLAGE,Baswaria,Rural,248
10,203,1017,216711,VILLAGE,Semri,Rural,1241
10,203,1017,216712,VILLAGE,Katahri,Rural,559
10,203,1017,216714,VILLAGE,Hichhopal,Rural,47
10,203,1017,216715,VILLAGE,Belwa,Rural,995
10,203,1017,216716,VILLAGE,Baitapur,Rural,362
10,203,1017,216717,VILLAGE,Mathia,Rural,280
10,203,1017,216718,VILLAGE,Rampur,Rural,707
10,203,1017,216719,VILLAGE,Bheriharwa,Rural,950
10,203,1017,216720,VILLAGE,Sirsia,Rural,649
10,203,1017,216721,VILLAGE,Hainswa,Rural,281
10,203,1017,216722,VILLAGE,Bhabhta,Rural,1261
10,203,1017,216723,VILLAGE,Samahuta,Rural,549
10,203,1017,216724,VILLAGE,Somgarh,Rural,768
10,203,1017,216725,VILLAGE,Barnihar,Rural,358
10,203,1017,216726,VILLAGE,Harpur,Rural,296
10,203,1017,216727,VILLAGE,Bakhri,Rural,174
10,203,1017,216728,VILLAGE,Balua,Rural,56
10,203,1017,216729,VILLAGE,Sitapur,Rural,199
10,203,1017,216730,VILLAGE,Barwa,Rural,163
10,203,1017,216732,VILLAGE,Ramauli,Rural,216
10,203,1017,216733,VILLAGE,Langra,Rural,649
10,203,1017,216735,VILLAGE,Chamua,Rural,521
10,203,1017,216736,VILLAGE,Salempur,Rural,239
10,203,1017,216737,VILLAGE,Pipra,Rural,429
10,203,1017,216738,VILLAGE,Saidpur,Rural,294
10,203,1017,216739,VILLAGE,Chanki,Rural,488
10,203,1017,216740,VILLAGE,Binwalia,Rural,734
10,203,1017,801278,TOWN,Narkatiaganj (Nagar Parishad),Urban,9083
10,203,1017,801278,WARD,Narkatiaganj (Nagar Parishad) WARD NO.-0001,Urban,457
10,203,1017,801278,WARD,Narkatiaganj (Nagar Parishad) WARD NO.-0002,Urban,395
10,203,1017,801278,WARD,Narkatiaganj (Nagar Parishad) WARD NO.-0003,Urban,416
10,203,1017,801278,WARD,Narkatiaganj (Nagar Parishad) WARD NO.-0004,Urban,515
10,203,1017,801278,WARD,Narkatiaganj (Nagar Parishad) WARD NO.-0005,Urban,591
10,203,1017,801278,WARD,Narkatiaganj (Nagar Parishad) WARD NO.-0006,Urban,404
10,203,1017,801278,WARD,Narkatiaganj (Nagar Parishad) WARD NO.-0007,Urban,117
10,203,1017,801278,WARD,Narkatiaganj (Nagar Parishad) WARD NO.-0008,Urban,181
10,203,1017,801278,WARD,Narkatiaganj (Nagar Parishad) WARD NO.-0009,Urban,299
10,203,1017,801278,WARD,Narkatiaganj (Nagar Parishad) WARD NO.-0010,Urban,281
10,203,1017,801278,WARD,Narkatiaganj (Nagar Parishad) WARD NO.-0011,Urban,257
10,203,1017,801278,WARD,Narkatiaganj (Nagar Parishad) WARD NO.-0012,Urban,410
10,203,1017,801278,WARD,Narkatiaganj (Nagar Parishad) WARD NO.-0013,Urban,647
10,203,1017,801278,WARD,Narkatiaganj (Nagar Parishad) WARD NO.-0014,Urban,302
10,203,1017,801278,WARD,Narkatiaganj (Nagar Parishad) WARD NO.-0015,Urban,588
10,203,1017,801278,WARD,Narkatiaganj (Nagar Parishad) WARD NO.-0016,Urban,258
10,203,1017,801278,WARD,Narkatiaganj (Nagar Parishad) WARD NO.-0017,Urban,198
10,203,1017,801278,WARD,Narkatiaganj (Nagar Parishad) WARD NO.-0018,Urban,194
10,203,1017,801278,WARD,Narkatiaganj (Nagar Parishad) WARD NO.-0019,Urban,306
10,203,1017,801278,WARD,Narkatiaganj (Nagar Parishad) WARD NO.-0020,Urban,461
10,203,1017,801278,WARD,Narkatiaganj (Nagar Parishad) WARD NO.-0021,Urban,273
10,203,1017,801278,WARD,Narkatiaganj (Nagar Parishad) WARD NO.-0022,Urban,575
10,203,1017,801278,WARD,Narkatiaganj (Nagar Parishad) WARD NO.-0023,Urban,183
10,203,1017,801278,WARD,Narkatiaganj (Nagar Parishad) WARD NO.-0024,Urban,497
10,203,1017,801278,WARD,Narkatiaganj (Nagar Parishad) WARD NO.-0025,Urban,278
10,203,1018,0,SUB-DISTRICT,Lauriya,Total,41593
10,203,1018,0,SUB-DISTRICT,Lauriya,Rural,41593
10,203,1018,0,SUB-DISTRICT,Lauriya,Urban,0
10,203,1018,216741,VILLAGE,Inarbarwaletiha,Rural,76
10,203,1018,216742,VILLAGE,Telpur,Rural,1373
10,203,1018,216743,VILLAGE,Dumra,Rural,461
10,203,1018,216744,VILLAGE,Deurwa,Rural,590
10,203,1018,216745,VILLAGE,Pandepatti,Rural,168
10,203,1018,216746,VILLAGE,Parsaunadih,Rural,188
10,203,1018,216747,VILLAGE,Sita Pur,Rural,273
10,203,1018,216748,VILLAGE,Kandholia,Rural,577
10,203,1018,216749,VILLAGE,Baswaria,Rural,1204
10,203,1018,216750,VILLAGE,Gawnaha,Rural,298
10,203,1018,216751,VILLAGE,Dumdumwa,Rural,68
10,203,1018,216752,VILLAGE,Sahuatanr,Rural,247
10,203,1018,216753,VILLAGE,Murtia,Rural,34
10,203,1018,216754,VILLAGE,Pakri,Rural,24
10,203,1018,216755,VILLAGE,Nankar,Rural,173
10,203,1018,216756,VILLAGE,Lakar,Rural,364
10,203,1018,216757,VILLAGE,Sisai,Rural,295
10,203,1018,216758,VILLAGE,Dhobini,Rural,1227
10,203,1018,216759,VILLAGE,Ramauli,Rural,208
10,203,1018,216760,VILLAGE,Belwa,Rural,235
10,203,1018,216761,VILLAGE,Sikta,Rural,525
10,203,1018,216762,VILLAGE,Bakulahia,Rural,85
10,203,1018,216763,VILLAGE,Lipni,Rural,432
10,203,1018,216764,VILLAGE,Chainpatia,Rural,135
10,203,1018,216765,VILLAGE,Barbiro,Rural,320
10,203,1018,216766,VILLAGE,Bherihawa,Rural,221
10,203,1018,216767,VILLAGE,Gondauli,Rural,834
10,203,1018,216768,VILLAGE,Siswania,Rural,858
10,203,1018,216769,VILLAGE,Barwa,Rural,560
10,203,1018,216770,VILLAGE,Dharwa,Rural,244
10,203,1018,216771,VILLAGE,Pakri,Rural,430
10,203,1018,216772,VILLAGE,Lauria,Rural,1898
10,203,1018,216773,VILLAGE,Belwa,Rural,302
10,203,1018,216774,VILLAGE,Thakurtola,Rural,237
10,203,1018,216775,VILLAGE,Marahia,Rural,614
10,203,1018,216776,VILLAGE,Pararawan,Rural,473
10,203,1018,216777,VILLAGE,Bishunpurwa,Rural,783
10,203,1018,216778,VILLAGE,Phulwaria,Rural,649
10,203,1018,216779,VILLAGE,Loharpatia,Rural,88
10,203,1018,216780,VILLAGE,Dumra,Rural,308
10,203,1018,216781,VILLAGE,Mathia,Rural,1216
10,203,1018,216782,VILLAGE,Pandari,Rural,249
10,203,1018,216783,VILLAGE,Manguraha,Rural,184
10,203,1018,216785,VILLAGE,Manguraha,Rural,109
10,203,1018,216786,VILLAGE,Parsa,Rural,334
10,203,1018,216787,VILLAGE,Parautola,Rural,524
10,203,1018,216788,VILLAGE,Bankatwa,Rural,353
10,203,1018,216789,VILLAGE,Baswaria,Rural,472
10,203,1018,216790,VILLAGE,Jiria,Rural,292
10,203,1018,216791,VILLAGE,Dubaulia,Rural,312
10,203,1018,216792,VILLAGE,Lakhanpur,Rural,309
10,203,1018,216793,VILLAGE,Gokhula,Rural,227
10,203,1018,216794,VILLAGE,Rampur Sauna,Rural,593
10,203,1018,216795,VILLAGE,Bahuarwa,Rural,544
10,203,1018,216796,VILLAGE,Suarchhap,Rural,896
10,203,1018,216797,VILLAGE,Gobraura,Rural,1008
10,203,1018,216798,VILLAGE,Matiaria,Rural,692
10,203,1018,216799,VILLAGE,Baghlochna,Rural,156
10,203,1018,216800,VILLAGE,Jamunia,Rural,407
10,203,1018,216801,VILLAGE,Nonipakar,Rural,181
10,203,1018,216802,VILLAGE,Khajuria,Rural,436
10,203,1018,216803,VILLAGE,Nandtola,Rural,66
10,203,1018,216804,VILLAGE,Gonahi,Rural,424
10,203,1018,216806,VILLAGE,Dharampur,Rural,277
10,203,1018,216807,VILLAGE,Musahri,Rural,276
10,203,1018,216808,VILLAGE,Dhobni,Rural,637
10,203,1018,216809,VILLAGE,Jawahirpur,Rural,307
10,203,1018,216810,VILLAGE,Maulanagar,Rural,367
10,203,1018,216811,VILLAGE,Parsauna,Rural,888
10,203,1018,216812,VILLAGE,Bindraban,Rural,357
10,203,1018,216813,VILLAGE,Dhamaura,Rural,754
10,203,1018,216814,VILLAGE,Lachhmipur urf Baritola,Rural,374
10,203,1018,216815,VILLAGE,Lachhnauta,Rural,229
10,203,1018,216816,VILLAGE,Langra Barwa,Rural,302
10,203,1018,216817,VILLAGE,Barwa Kalan,Rural,481
10,203,1018,216818,VILLAGE,Raybarwa,Rural,856
10,203,1018,216819,VILLAGE,Sathi,Rural,966
10,203,1018,216820,VILLAGE,Baudh tola,Rural,503
10,203,1018,216821,VILLAGE,Satwaria,Rural,1220
10,203,1018,216822,VILLAGE,Bhataura,Rural,90
10,203,1018,216823,VILLAGE,Dumdumuwa,Rural,278
10,203,1018,216824,VILLAGE,Sihpur,Rural,445
10,203,1018,216825,VILLAGE,Basantpur,Rural,784
10,203,1018,216826,VILLAGE,Chhardawali,Rural,246
10,203,1018,216827,VILLAGE,Dumra,Rural,434
10,203,1018,216828,VILLAGE,Paroraha,Rural,297
10,203,1018,216829,VILLAGE,Serukahia,Rural,241
10,203,1018,216830,VILLAGE,Belwa,Rural,204
10,203,1018,216831,VILLAGE,Barwa,Rural,468
10,203,1018,216832,VILLAGE,Pachbhirwa,Rural,46
10,203,1018,216833,VILLAGE,Harpur,Rural,146
10,203,1018,216835,VILLAGE,Langri,Rural,292
10,203,1018,216836,VILLAGE,Kataia,Rural,765
10,203,1019,0,SUB-DISTRICT,Bagaha,Total,71834
10,203,1019,0,SUB-DISTRICT,Bagaha,Rural,50854
10,203,1019,0,SUB-DISTRICT,Bagaha,Urban,20980
10,203,1019,216837,VILLAGE,Ahirauliya,Rural,364
10,203,1019,216838,VILLAGE,Bishunpurwa,Rural,248
10,203,1019,216839,VILLAGE,Kumhia,Rural,377
10,203,1019,216840,VILLAGE,Kaimabandh,Rural,47
10,203,1019,216841,VILLAGE,Pipardarhi,Rural,186
10,203,1019,216842,VILLAGE,Mahipur,Rural,179
10,203,1019,216843,VILLAGE,Barwa,Rural,141
10,203,1019,216844,VILLAGE,Banchehri,Rural,705
10,203,1019,216845,VILLAGE,Dharampur,Rural,351
10,203,1019,216847,VILLAGE,Sirsia,Rural,403
10,203,1019,216850,VILLAGE,Sikti,Rural,63
10,203,1019,216851,VILLAGE,Patkhaulia,Rural,130
10,203,1019,216852,VILLAGE,Bhairoganj,Rural,952
10,203,1019,216853,VILLAGE,Ratanpurwa,Rural,89
10,203,1019,216854,VILLAGE,Naraparsauni,Rural,491
10,203,1019,216855,VILLAGE,Jura,Rural,407
10,203,1019,216856,VILLAGE,Sahsaram,Rural,405
10,203,1019,216857,VILLAGE,Bassganw,Rural,1057
10,203,1019,216858,VILLAGE,Majharia,Rural,1135
10,203,1019,216859,VILLAGE,Pakri,Rural,414
10,203,1019,216860,VILLAGE,Chautarwa,Rural,444
10,203,1019,216861,VILLAGE,Inar Barwa,Rural,192
10,203,1019,216862,VILLAGE,Nauda Parsauni,Rural,1246
10,203,1019,216864,VILLAGE,Padar Khap,Rural,499
10,203,1019,216865,VILLAGE,Kolhua,Rural,484
10,203,1019,216866,VILLAGE,Garahia,Rural,156
10,203,1019,216867,VILLAGE,Siktanr,Rural,445
10,203,1019,216868,VILLAGE,Kohargadi,Rural,74
10,203,1019,216869,VILLAGE,Mehdi,Rural,286
10,203,1019,216870,VILLAGE,Partappur,Rural,113
10,203,1019,216871,VILLAGE,Raibari Mahuawa,Rural,1964
10,203,1019,216872,VILLAGE,Murli,Rural,362
10,203,1019,216873,VILLAGE,Jamunia,Rural,165
10,203,1019,216874,VILLAGE,Jharmahui,Rural,495
10,203,1019,216875,VILLAGE,Salaba,Rural,542
10,203,1019,216876,VILLAGE,Murila,Rural,257
10,203,1019,216877,VILLAGE,Bariarwa,Rural,696
10,203,1019,216878,VILLAGE,Pipra,Rural,90
10,203,1019,216879,VILLAGE,Hardinadwa,Rural,1277
10,203,1019,216881,VILLAGE,Chautarwa,Rural,1120
10,203,1019,216882,VILLAGE,Kaulapur Kaulanchi,Rural,336
10,203,1019,216883,VILLAGE,Sirauna,Rural,120
10,203,1019,216884,VILLAGE,Bisambharpur,Rural,776
10,203,1019,216885,VILLAGE,Harpur,Rural,371
10,203,1019,216886,VILLAGE,Mehura,Rural,819
10,203,1019,216887,VILLAGE,Amaulia,Rural,376
10,203,1019,216888,VILLAGE,Bhaisahi Garhwa,Rural,414
10,203,1019,216889,VILLAGE,Deurwa,Rural,250
10,203,1019,216890,VILLAGE,Parsa,Rural,711
10,203,1019,216891,VILLAGE,Khora Parsa,Rural,374
10,203,1019,216892,VILLAGE,Singari- Garhwa,Rural,1125
10,203,1019,216893,VILLAGE,Belwa,Rural,237
10,203,1019,216894,VILLAGE,Pipariya,Rural,692
10,203,1019,216895,VILLAGE,Barganw,Rural,1430
10,203,1019,216896,VILLAGE,Ekderwa,Rural,182
10,203,1019,216897,VILLAGE,Kotwa,Rural,88
10,203,1019,216898,VILLAGE,Pakargawn,Rural,602
10,203,1019,216899,VILLAGE,Bhataura,Rural,413
10,203,1019,216900,VILLAGE,Chhatraul,Rural,114
10,203,1019,216902,VILLAGE,Chakhni,Rural,849
10,203,1019,216903,VILLAGE,Rajwatia,Rural,703
10,203,1019,216904,VILLAGE,Khairatwa,Rural,151
10,203,1019,216905,VILLAGE,Chandrapur,Rural,249
10,203,1019,216907,VILLAGE,Mathiya,Rural,47
10,203,1019,216908,VILLAGE,Bakwa,Rural,469
10,203,1019,216909,VILLAGE,Mathia,Rural,172
10,203,1019,216910,VILLAGE,Patilar,Rural,2425
10,203,1019,216911,VILLAGE,Ratwal,Rural,449
10,203,1019,216915,VILLAGE,Bharaulia,Rural,236
10,203,1019,216917,VILLAGE,Churiharwa Dubaulia,Rural,89
10,203,1019,216919,VILLAGE,Matahia,Rural,367
10,203,1019,216920,VILLAGE,Patkhaulia,Rural,106
10,203,1019,216921,VILLAGE,Bishunpurwa,Rural,113
10,203,1019,216922,VILLAGE,Ahirwalia,Rural,22
10,203,1019,216923,VILLAGE,Lagunaha,Rural,1355
10,203,1019,216925,VILLAGE,Gaighati,Rural,30
10,203,1019,216926,VILLAGE,Gaghalwa,Rural,5
10,203,1019,216927,VILLAGE,Balhi,Rural,2
10,203,1019,216928,VILLAGE,Purbari Lagunaha,Rural,400
10,203,1019,216929,VILLAGE,Bishunpurwa,Rural,536
10,203,1019,216931,VILLAGE,Manpur,Rural,333
10,203,1019,216932,VILLAGE,Tesrahia,Rural,646
10,203,1019,216933,VILLAGE,Bibi Bankatwa,Rural,977
10,203,1019,216934,VILLAGE,Majhauwa,Rural,1132
10,203,1019,216935,VILLAGE,Parari,Rural,194
10,203,1019,216936,VILLAGE,Baswaria,Rural,559
10,203,1019,216937,VILLAGE,Bahuarwa,Rural,252
10,203,1019,216938,VILLAGE,Karjania,Rural,158
10,203,1019,216939,VILLAGE,Parsauni,Rural,112
10,203,1019,216940,VILLAGE,Harpur,Rural,80
10,203,1019,216941,VILLAGE,Hamira,Rural,796
10,203,1019,216942,VILLAGE,Dharmajata,Rural,111
10,203,1019,216943,VILLAGE,Rajgir Mujauli,Rural,129
10,203,1019,216944,VILLAGE,Inglishia,Rural,415
10,203,1019,216945,VILLAGE,Jamadar tola,Rural,52
10,203,1019,216946,VILLAGE,Barwa,Rural,284
10,203,1019,216947,VILLAGE,Jamadar Tola,Rural,475
10,203,1019,216948,VILLAGE,Sisba,Rural,837
10,203,1019,216949,VILLAGE,Basantpur,Rural,553
10,203,1019,216950,VILLAGE,Bhattahola  Birit,Rural,39
10,203,1019,216951,VILLAGE,Tola Pipra,Rural,199
10,203,1019,216952,VILLAGE,Jaini Tola,Rural,528
10,203,1019,216953,VILLAGE,Tarkulwa,Rural,248
10,203,1019,216954,VILLAGE,Moti Tola,Rural,175
10,203,1019,216955,VILLAGE,Tola Gosain,Rural,91
10,203,1019,216956,VILLAGE,Tola Parsauni,Rural,347
10,203,1019,216957,VILLAGE,Tola Alakh Dabri,Rural,61
10,203,1019,216958,VILLAGE, Dabri,Rural,76
10,203,1019,216959,VILLAGE,Tola Majharia,Rural,145
10,203,1019,216960,VILLAGE,Sisba,Rural,23
10,203,1019,216961,VILLAGE,Sisba,Rural,70
10,203,1019,216962,VILLAGE,Nayagawan,Rural,168
10,203,1019,216963,VILLAGE,Ssiswa Tola Jai Ray,Rural,55
10,203,1019,216964,VILLAGE,Bhetahiya,Rural,98
10,203,1019,216965,VILLAGE,Rupaulia,Rural,130
10,203,1019,216966,VILLAGE,Chandaraha,Rural,1300
10,203,1019,216967,VILLAGE,Tola Purbari,Rural,351
10,203,1019,216968,VILLAGE,Baswaria,Rural,999
10,203,1019,216969,VILLAGE,Tola Bhagaha,Rural,35
10,203,1019,216971,VILLAGE,Jamuniya,Rural,220
10,203,1019,216972,VILLAGE,Tola Garibsahi,Rural,145
10,203,1019,801279,TOWN,Bagaha (Nagar Parishad),Urban,20980
10,203,1019,801279,WARD,Bagaha (Nagar Parishad) WARD NO.-0001,Urban,451
10,203,1019,801279,WARD,Bagaha (Nagar Parishad) WARD NO.-0002,Urban,890
10,203,1019,801279,WARD,Bagaha (Nagar Parishad) WARD NO.-0003,Urban,702
10,203,1019,801279,WARD,Bagaha (Nagar Parishad) WARD NO.-0004,Urban,1108
10,203,1019,801279,WARD,Bagaha (Nagar Parishad) WARD NO.-0005,Urban,474
10,203,1019,801279,WARD,Bagaha (Nagar Parishad) WARD NO.-0006,Urban,520
10,203,1019,801279,WARD,Bagaha (Nagar Parishad) WARD NO.-0007,Urban,620
10,203,1019,801279,WARD,Bagaha (Nagar Parishad) WARD NO.-0008,Urban,780
10,203,1019,801279,WARD,Bagaha (Nagar Parishad) WARD NO.-0009,Urban,516
10,203,1019,801279,WARD,Bagaha (Nagar Parishad) WARD NO.-0010,Urban,458
10,203,1019,801279,WARD,Bagaha (Nagar Parishad) WARD NO.-0011,Urban,375
10,203,1019,801279,WARD,Bagaha (Nagar Parishad) WARD NO.-0012,Urban,448
10,203,1019,801279,WARD,Bagaha (Nagar Parishad) WARD NO.-0013,Urban,1285
10,203,1019,801279,WARD,Bagaha (Nagar Parishad) WARD NO.-0014,Urban,491
10,203,1019,801279,WARD,Bagaha (Nagar Parishad) WARD NO.-0015,Urban,269
10,203,1019,801279,WARD,Bagaha (Nagar Parishad) WARD NO.-0016,Urban,762
10,203,1019,801279,WARD,Bagaha (Nagar Parishad) WARD NO.-0017,Urban,420
10,203,1019,801279,WARD,Bagaha (Nagar Parishad) WARD NO.-0018,Urban,775
10,203,1019,801279,WARD,Bagaha (Nagar Parishad) WARD NO.-0019,Urban,662
10,203,1019,801279,WARD,Bagaha (Nagar Parishad) WARD NO.-0020,Urban,360
10,203,1019,801279,WARD,Bagaha (Nagar Parishad) WARD NO.-0021,Urban,771
10,203,1019,801279,WARD,Bagaha (Nagar Parishad) WARD NO.-0022,Urban,416
10,203,1019,801279,WARD,Bagaha (Nagar Parishad) WARD NO.-0023,Urban,679
10,203,1019,801279,WARD,Bagaha (Nagar Parishad) WARD NO.-0024,Urban,610
10,203,1019,801279,WARD,Bagaha (Nagar Parishad) WARD NO.-0025,Urban,467
10,203,1019,801279,WARD,Bagaha (Nagar Parishad) WARD NO.-0026,Urban,658
10,203,1019,801279,WARD,Bagaha (Nagar Parishad) WARD NO.-0027,Urban,866
10,203,1019,801279,WARD,Bagaha (Nagar Parishad) WARD NO.-0028,Urban,479
10,203,1019,801279,WARD,Bagaha (Nagar Parishad) WARD NO.-0029,Urban,363
10,203,1019,801279,WARD,Bagaha (Nagar Parishad) WARD NO.-0030,Urban,215
10,203,1019,801279,WARD,Bagaha (Nagar Parishad) WARD NO.-0031,Urban,863
10,203,1019,801279,WARD,Bagaha (Nagar Parishad) WARD NO.-0032,Urban,259
10,203,1019,801279,WARD,Bagaha (Nagar Parishad) WARD NO.-0033,Urban,454
10,203,1019,801279,WARD,Bagaha (Nagar Parishad) WARD NO.-0034,Urban,770
10,203,1019,801279,WARD,Bagaha (Nagar Parishad) WARD NO.-0035,Urban,744
10,203,1020,0,SUB-DISTRICT,Piprasi,Total,6357
10,203,1020,0,SUB-DISTRICT,Piprasi,Rural,6357
10,203,1020,0,SUB-DISTRICT,Piprasi,Urban,0
10,203,1020,216973,VILLAGE,Semralabedaha,Rural,3500
10,203,1020,216974,VILLAGE,Balua,Rural,687
10,203,1020,216975,VILLAGE,Dumri,Rural,2170
10,203,1021,0,SUB-DISTRICT,Madhubani,Total,14613
10,203,1021,0,SUB-DISTRICT,Madhubani,Rural,14613
10,203,1021,0,SUB-DISTRICT,Madhubani,Urban,0
10,203,1021,216976,VILLAGE,Mahuawa,Rural,87
10,203,1021,216978,VILLAGE,Narahwa,Rural,15
10,203,1021,216979,VILLAGE,Ghorahwa,Rural,17
10,203,1021,216980,VILLAGE,Sisai Lathihawa,Rural,117
10,203,1021,216981,VILLAGE,Sohgi Barwa,Rural,169
10,203,1021,216982,VILLAGE,Madhubani,Rural,1673
10,203,1021,216983,VILLAGE,Taulaha,Rural,3921
10,203,1021,216985,VILLAGE,Daunaha,Rural,1645
10,203,1021,216986,VILLAGE,Kataha,Rural,288
10,203,1021,216987,VILLAGE,Bajar Keraia,Rural,227
10,203,1021,216988,VILLAGE,Tama Kuha,Rural,803
10,203,1021,216989,VILLAGE,Kataha,Rural,1988
10,203,1021,216990,VILLAGE,Barwa,Rural,642
10,203,1021,216991,VILLAGE,Ghaghwa,Rural,802
10,203,1021,216992,VILLAGE,Musahri,Rural,1180
10,203,1021,216994,VILLAGE,Dhanaha,Rural,663
10,203,1021,216995,VILLAGE,Churahi,Rural,66
10,203,1021,216997,VILLAGE,Bhandarwa Majhar,Rural,24
10,203,1021,216998,VILLAGE,Nainaha,Rural,160
10,203,1021,217002,VILLAGE,Rewahia,Rural,70
10,203,1021,217004,VILLAGE,Kolua,Rural,56
10,203,1022,0,SUB-DISTRICT,Bhitaha,Total,10307
10,203,1022,0,SUB-DISTRICT,Bhitaha,Rural,10307
10,203,1022,0,SUB-DISTRICT,Bhitaha,Urban,0
10,203,1022,217006,VILLAGE,Khaira Tola,Rural,3643
10,203,1022,217007,VILLAGE,Parsauna,Rural,588
10,203,1022,217008,VILLAGE,Pakahi,Rural,11
10,203,1022,217009,VILLAGE,Semarbari,Rural,50
10,203,1022,217010,VILLAGE,Karhia Basauli,Rural,215
10,203,1022,217011,VILLAGE,Manpur,Rural,115
10,203,1022,217012,VILLAGE,Pakri,Rural,120
10,203,1022,217013,VILLAGE,Charamraha,Rural,51
10,203,1022,217014,VILLAGE,Kaubar,Rural,37
10,203,1022,217015,VILLAGE,Kanhaiyapur,Rural,61
10,203,1022,217018,VILLAGE,Senuria,Rural,12
10,203,1022,217019,VILLAGE,Barariha,Rural,310
10,203,1022,217020,VILLAGE,Barhara,Rural,267
10,203,1022,217021,VILLAGE,Moradih,Rural,278
10,203,1022,217022,VILLAGE,Chilwaniyan,Rural,816
10,203,1022,217023,VILLAGE,Bhitaha,Rural,93
10,203,1022,217024,VILLAGE,Chandarpur,Rural,145
10,203,1022,217025,VILLAGE,Tola Diho Pakri,Rural,1204
10,203,1022,217026,VILLAGE,Machhaha urf Dubaha,Rural,1137
10,203,1022,217027,VILLAGE,Bhuidharwa,Rural,1141
10,203,1022,217028,VILLAGE,Sonbarsa,Rural,13
10,203,1023,0,SUB-DISTRICT,Thakrahan,Total,9141
10,203,1023,0,SUB-DISTRICT,Thakrahan,Rural,9141
10,203,1023,0,SUB-DISTRICT,Thakrahan,Urban,0
10,203,1023,217029,VILLAGE,Chirchirwa,Rural,77
10,203,1023,217030,VILLAGE,Ladiharwa,Rural,130
10,203,1023,217032,VILLAGE,Puraina,Rural,104
10,203,1023,217034,VILLAGE,Haripur,Rural,481
10,203,1023,217036,VILLAGE,Ramnagar Kursaha,Rural,46
10,203,1023,217037,VILLAGE,Dhumnagar,Rural,93
10,203,1023,217038,VILLAGE,Thakraha,Rural,5963
10,203,1023,217039,VILLAGE,Sirinagar,Rural,2076
10,203,1023,217040,VILLAGE,Bhagwanpur,Rural,101
10,203,1023,217041,VILLAGE,Nautan,Rural,70
10,203,1024,0,SUB-DISTRICT,Jogapatti,Total,42926
10,203,1024,0,SUB-DISTRICT,Jogapatti,Rural,42926
10,203,1024,0,SUB-DISTRICT,Jogapatti,Urban,0
10,203,1024,217042,VILLAGE,Gora,Rural,992
10,203,1024,217043,VILLAGE,Gobinapur,Rural,145
10,203,1024,217045,VILLAGE,Lachhnauta,Rural,111
10,203,1024,217046,VILLAGE,Jamunia,Rural,77
10,203,1024,217047,VILLAGE,Sihpatti,Rural,162
10,203,1024,217048,VILLAGE,Amaithia,Rural,559
10,203,1024,217049,VILLAGE,Sangrampur,Rural,144
10,203,1024,217050,VILLAGE,Bariarpur,Rural,58
10,203,1024,217051,VILLAGE,Bisrampur,Rural,244
10,203,1024,217052,VILLAGE,Darwalia,Rural,452
10,203,1024,217053,VILLAGE,Hathia,Rural,701
10,203,1024,217054,VILLAGE,Machhar Ganw,Rural,1192
10,203,1024,217055,VILLAGE,Lalgarh,Rural,228
10,203,1024,217057,VILLAGE,Kuarpatti,Rural,161
10,203,1024,217058,VILLAGE,Dularpatti,Rural,360
10,203,1024,217059,VILLAGE,Bakuchia Rudalpur,Rural,179
10,203,1024,217060,VILLAGE,Dhangarhwa,Rural,42
10,203,1024,217061,VILLAGE,Dhonrhwalia,Rural,225
10,203,1024,217062,VILLAGE,Siswania,Rural,434
10,203,1024,217063,VILLAGE,Matkota,Rural,383
10,203,1024,217064,VILLAGE,Nauganwa,Rural,385
10,203,1024,217065,VILLAGE,Laukaria Jogapatti,Rural,423
10,203,1024,217066,VILLAGE,Rudarpur Paterwa,Rural,266
10,203,1024,217067,VILLAGE,Koirganwan,Rural,391
10,203,1024,217068,VILLAGE,Hathia Khap,Rural,72
10,203,1024,217069,VILLAGE,Bhatwalia,Rural,98
10,203,1024,217070,VILLAGE,Madarpur,Rural,106
10,203,1024,217071,VILLAGE,Arazi Nankar',Rural,292
10,203,1024,217072,VILLAGE,Chaumukha,Rural,958
10,203,1024,217073,VILLAGE,Mandhatapur,Rural,233
10,203,1024,217074,VILLAGE,Mangalpur,Rural,500
10,203,1024,217075,VILLAGE,Manopatti,Rural,53
10,203,1024,217076,VILLAGE,Lachhmipur,Rural,374
10,203,1024,217077,VILLAGE,Dhabia,Rural,425
10,203,1024,217078,VILLAGE,Bhawanipur,Rural,1031
10,203,1024,217079,VILLAGE,Dumri,Rural,1469
10,203,1024,217080,VILLAGE,Barharwa,Rural,257
10,203,1024,217081,VILLAGE,Fatehpur,Rural,561
10,203,1024,217082,VILLAGE,Belbanwa,Rural,413
10,203,1024,217083,VILLAGE,Rampur Baheliya,Rural,492
10,203,1024,217084,VILLAGE,Puraina,Rural,184
10,203,1024,217085,VILLAGE,Bagahi,Rural,1922
10,203,1024,217086,VILLAGE,Basopatti,Rural,458
10,203,1024,217087,VILLAGE,Mathia Rusulpur,Rural,393
10,203,1024,217088,VILLAGE,Bahuarwa,Rural,749
10,203,1024,217089,VILLAGE,Misrauliya,Rural,691
10,203,1024,217090,VILLAGE,Patkhaulia,Rural,336
10,203,1024,217091,VILLAGE,Bahuatwa,Rural,298
10,203,1024,217092,VILLAGE,Pipra Naurangia,Rural,1700
10,203,1024,217093,VILLAGE,Jagdammapur,Rural,454
10,203,1024,217094,VILLAGE,Konhra,Rural,780
10,203,1024,217095,VILLAGE,Pareagwa,Rural,596
10,203,1024,217096,VILLAGE,Rampurwa,Rural,368
10,203,1024,217097,VILLAGE,Balua Dew Ray,Rural,104
10,203,1024,217098,VILLAGE,Balua Bhawani Ray,Rural,291
10,203,1024,217099,VILLAGE,Balua Murat Ray,Rural,131
10,203,1024,217100,VILLAGE,Balua Newaz Ray,Rural,91
10,203,1024,217101,VILLAGE,Kaulapur,Rural,755
10,203,1024,217103,VILLAGE,Dhabelwa,Rural,802
10,203,1024,217104,VILLAGE,Khutwania,Rural,806
10,203,1024,217105,VILLAGE,Dihi,Rural,319
10,203,1024,217106,VILLAGE,Gajna,Rural,245
10,203,1024,217107,VILLAGE,Baisia Khap,Rural,24
10,203,1024,217108,VILLAGE,Barsia,Rural,33
10,203,1024,217109,VILLAGE,Piparpanti,Rural,141
10,203,1024,217110,VILLAGE,Bharthapatti,Rural,209
10,203,1024,217111,VILLAGE,Gardahia,Rural,68
10,203,1024,217112,VILLAGE,Hariharpur,Rural,141
10,203,1024,217113,VILLAGE,Dharhwa,Rural,1691
10,203,1024,217114,VILLAGE,Piprahia,Rural,967
10,203,1024,217115,VILLAGE,Bhawanipur,Rural,969
10,203,1024,217116,VILLAGE,Bhawanipur,Rural,398
10,203,1024,217117,VILLAGE,Nawalpur,Rural,1771
10,203,1024,217118,VILLAGE,Semri Bhawanipur,Rural,283
10,203,1024,217119,VILLAGE,Nankar,Rural,110
10,203,1024,217120,VILLAGE,Sonbarsa,Rural,302
10,203,1024,217121,VILLAGE,Pararawan,Rural,192
10,203,1024,217122,VILLAGE,Chorhi,Rural,133
10,203,1024,217123,VILLAGE,Sirsia,Rural,403
10,203,1024,217124,VILLAGE,Piparpanti,Rural,484
10,203,1024,217125,VILLAGE,Shiwrajpur,Rural,175
10,203,1024,217126,VILLAGE,Siswa Bhuinhar,Rural,443
10,203,1024,217127,VILLAGE,Baldiha,Rural,374
10,203,1024,217128,VILLAGE,Chaube Tola,Rural,331
10,203,1024,217129,VILLAGE,Semri,Rural,221
10,203,1024,217130,VILLAGE,Siswa Bairagi,Rural,279
10,203,1024,217131,VILLAGE,Nimuia,Rural,291
10,203,1024,217132,VILLAGE,Chandraul,Rural,503
10,203,1024,217133,VILLAGE,Chandpur,Rural,70
10,203,1024,217134,VILLAGE,Barwa (Sani),Rural,145
10,203,1024,217135,VILLAGE,Khairatia,Rural,237
10,203,1024,217136,VILLAGE,Khairatia,Rural,417
10,203,1024,217137,VILLAGE,Khairatia,Rural,254
10,203,1024,217138,VILLAGE,Sahadatpur,Rural,260
10,203,1024,217139,VILLAGE,Ojhaulia,Rural,264
10,203,1024,217140,VILLAGE,Gaunaria,Rural,105
10,203,1024,217141,VILLAGE,Donwar Khurd,Rural,5
10,203,1024,217142,VILLAGE,Donwar Kalan,Rural,704
10,203,1024,217143,VILLAGE,Barwa,Rural,474
10,203,1024,217144,VILLAGE,Sehunrwa,Rural,632
10,203,1024,217145,VILLAGE,Sikta Kalan,Rural,189
10,203,1024,217146,VILLAGE,Sikta Khurd,Rural,113
10,203,1025,0,SUB-DISTRICT,Chanpatia,Total,55529
10,203,1025,0,SUB-DISTRICT,Chanpatia,Rural,50304
10,203,1025,0,SUB-DISTRICT,Chanpatia,Urban,5225
10,203,1025,217147,VILLAGE,Musahri,Rural,638
10,203,1025,217148,VILLAGE,Kokila Dih,Rural,558
10,203,1025,217149,VILLAGE,Senduria,Rural,371
10,203,1025,217150,VILLAGE,Bhikhampur,Rural,639
10,203,1025,217151,VILLAGE,Bhaisahi,Rural,1094
10,203,1025,217152,VILLAGE,Bijbania Bandobasti,Rural,245
10,203,1025,217153,VILLAGE,Lachhmipur,Rural,803
10,203,1025,217154,VILLAGE,Naugawan,Rural,300
10,203,1025,217155,VILLAGE,Tola Goita,Rural,484
10,203,1025,217156,VILLAGE,Lachhu Chhapar  Andar Bhaisahi,Rural,775
10,203,1025,217157,VILLAGE,Pokharia Ray,Rural,1208
10,203,1025,217158,VILLAGE,Pokharia Kharag,Rural,1446
10,203,1025,217159,VILLAGE,Puraina  Choube,Rural,155
10,203,1025,217160,VILLAGE,Puraina Gosain,Rural,1185
10,203,1025,217161,VILLAGE,Karampatti,Rural,228
10,203,1025,217162,VILLAGE,Bankat,Rural,648
10,203,1025,217163,VILLAGE,Lagunaha,Rural,770
10,203,1025,217164,VILLAGE,Mohna Kuli,Rural,829
10,203,1025,217165,VILLAGE,Sembhapur,Rural,151
10,203,1025,217166,VILLAGE,Barwa Dhap,Rural,442
10,203,1025,217167,VILLAGE,Kaithwalia,Rural,243
10,203,1025,217168,VILLAGE,Meghia Khargauli,Rural,114
10,203,1025,217169,VILLAGE,Jaitiya,Rural,3191
10,203,1025,217170,VILLAGE,Fajihatwa,Rural,113
10,203,1025,217171,VILLAGE,Bakulahar,Rural,1418
10,203,1025,217172,VILLAGE,Gidha,Rural,1184
10,203,1025,217173,VILLAGE,Barohiya,Rural,806
10,203,1025,217174,VILLAGE,Lohiaria,Rural,1105
10,203,1025,217175,VILLAGE,Moti Chhapar,Rural,624
10,203,1025,217176,VILLAGE,Bandaraha Andar Choube Tola,Rural,314
10,203,1025,217177,VILLAGE,Bishunpur Maolakar,Rural,100
10,203,1025,217178,VILLAGE,Bishunpur Raghunath,Rural,274
10,203,1025,217179,VILLAGE,Lakhaura Nazamat,Rural,434
10,203,1025,217180,VILLAGE,Jina Chap,Rural,108
10,203,1025,217181,VILLAGE,Kurwa Mathia,Rural,2433
10,203,1025,217182,VILLAGE,TolaRampurwaMotalkeKurwa Mathia,Rural,1124
10,203,1025,217183,VILLAGE,Patkhaulia,Rural,188
10,203,1025,217184,VILLAGE,Misraulia,Rural,395
10,203,1025,217185,VILLAGE,Siswania,Rural,92
10,203,1025,217186,VILLAGE,Pakrihar,Rural,96
10,203,1025,217187,VILLAGE,Khardeur,Rural,275
10,203,1025,217188,VILLAGE,Miskar Tola,Rural,191
10,203,1025,217189,VILLAGE,Jiachha Tola,Rural,160
10,203,1025,217190,VILLAGE,Chuhari,Rural,1158
10,203,1025,217191,VILLAGE,Pokharia Babu urf Ekrahia,Rural,291
10,203,1025,217192,VILLAGE,Sirsia,Rural,1003
10,203,1025,217193,VILLAGE,Musahri,Rural,298
10,203,1025,217194,VILLAGE,Sabiya Kalan,Rural,290
10,203,1025,217195,VILLAGE,Sabiya khurd,Rural,560
10,203,1025,217196,VILLAGE,Bandipatti,Rural,216
10,203,1025,217197,VILLAGE,Turhapatti,Rural,2848
10,203,1025,217198,VILLAGE,Jinwalia,Rural,179
10,203,1025,217199,VILLAGE,Biswas,Rural,337
10,203,1025,217200,VILLAGE,Bharpatia,Rural,92
10,203,1025,217201,VILLAGE,Patarkha Naurangia,Rural,548
10,203,1025,217202,VILLAGE,Hirapakar,Rural,456
10,203,1025,217203,VILLAGE,Parsa,Rural,321
10,203,1025,217204,VILLAGE,Gurwalia Biswas,Rural,1694
10,203,1025,217205,VILLAGE,Gurwalia Biswas Bandobasti,Rural,653
10,203,1025,217206,VILLAGE,Betia Dih,Rural,2238
10,203,1025,217207,VILLAGE,TolaBishunpur urfBishunpurTunia,Rural,1026
10,203,1025,217208,VILLAGE,Khasuar,Rural,310
10,203,1025,217209,VILLAGE,Belwa Bandobasti,Rural,241
10,203,1025,217210,VILLAGE,Auraia,Rural,1073
10,203,1025,217211,VILLAGE,Tika chhapra,Rural,512
10,203,1025,217212,VILLAGE,Jabdaul,Rural,631
10,203,1025,217213,VILLAGE,Mahuawa,Rural,559
10,203,1025,217214,VILLAGE,Lalgarh,Rural,1666
10,203,1025,217215,VILLAGE,Mohchhi Nain,Rural,325
10,203,1025,217216,VILLAGE,Mohchhi Sughar,Rural,265
10,203,1025,217217,VILLAGE,Ghogha,Rural,2563
10,203,1025,801280,TOWN,Chanpatia (NP),Urban,5225
10,203,1025,801280,WARD,Chanpatia (NP) WARD NO.-0001,Urban,286
10,203,1025,801280,WARD,Chanpatia (NP) WARD NO.-0002,Urban,448
10,203,1025,801280,WARD,Chanpatia (NP) WARD NO.-0003,Urban,368
10,203,1025,801280,WARD,Chanpatia (NP) WARD NO.-0004,Urban,344
10,203,1025,801280,WARD,Chanpatia (NP) WARD NO.-0005,Urban,214
10,203,1025,801280,WARD,Chanpatia (NP) WARD NO.-0006,Urban,509
10,203,1025,801280,WARD,Chanpatia (NP) WARD NO.-0007,Urban,274
10,203,1025,801280,WARD,Chanpatia (NP) WARD NO.-0008,Urban,307
10,203,1025,801280,WARD,Chanpatia (NP) WARD NO.-0009,Urban,329
10,203,1025,801280,WARD,Chanpatia (NP) WARD NO.-0010,Urban,330
10,203,1025,801280,WARD,Chanpatia (NP) WARD NO.-0011,Urban,306
10,203,1025,801280,WARD,Chanpatia (NP) WARD NO.-0012,Urban,358
10,203,1025,801280,WARD,Chanpatia (NP) WARD NO.-0013,Urban,352
10,203,1025,801280,WARD,Chanpatia (NP) WARD NO.-0014,Urban,443
10,203,1025,801280,WARD,Chanpatia (NP) WARD NO.-0015,Urban,357
10,203,1026,0,SUB-DISTRICT,Sikta,Total,34500
10,203,1026,0,SUB-DISTRICT,Sikta,Rural,34500
10,203,1026,0,SUB-DISTRICT,Sikta,Urban,0
10,203,1026,217218,VILLAGE,Jagarnathpur,Rural,654
10,203,1026,217219,VILLAGE,Sonbarsa,Rural,462
10,203,1026,217220,VILLAGE,Puraina,Rural,1807
10,203,1026,217221,VILLAGE,Patkhaulia,Rural,253
10,203,1026,217222,VILLAGE,Mainpur,Rural,296
10,203,1026,217223,VILLAGE,Siswania,Rural,31
10,203,1026,217224,VILLAGE,Luathaha,Rural,148
10,203,1026,217225,VILLAGE,Sundargawn,Rural,547
10,203,1026,217226,VILLAGE,Sargatia,Rural,2293
10,203,1026,217227,VILLAGE,Nonia Tola,Rural,320
10,203,1026,217228,VILLAGE,Bahuarwa,Rural,140
10,203,1026,217229,VILLAGE,Baisakhwa,Rural,1104
10,203,1026,217230,VILLAGE,Jhakhra,Rural,598
10,203,1026,217231,VILLAGE,Narkatia,Rural,484
10,203,1026,217232,VILLAGE,Ausanpur,Rural,540
10,203,1026,217233,VILLAGE,Patukahia,Rural,351
10,203,1026,217234,VILLAGE,Ghorcharhi,Rural,1005
10,203,1026,217235,VILLAGE,Dhankutwa,Rural,1656
10,203,1026,217236,VILLAGE,Gauripur,Rural,599
10,203,1026,217237,VILLAGE,Parsauni Murli,Rural,875
10,203,1026,217238,VILLAGE,Parsauni Ghogha,Rural,579
10,203,1026,217239,VILLAGE,Balthar,Rural,1177
10,203,1026,217240,VILLAGE,Behra,Rural,2123
10,203,1026,217241,VILLAGE,Mujauna,Rural,131
10,203,1026,217242,VILLAGE,Mahmadwa,Rural,250
10,203,1026,217243,VILLAGE,Tola Gularia,Rural,452
10,203,1026,217244,VILLAGE,Ekdari Mangalpur,Rural,632
10,203,1026,217245,VILLAGE,Behri Bankatwa,Rural,297
10,203,1026,217246,VILLAGE,Sirsiya,Rural,889
10,203,1026,217247,VILLAGE,Lal Parsa,Rural,600
10,203,1026,217248,VILLAGE,Kursi Barwa,Rural,331
10,203,1026,217249,VILLAGE,Jaisinghpur,Rural,423
10,203,1026,217250,VILLAGE,Shikarpur,Rural,791
10,203,1026,217251,VILLAGE,Bhaunara,Rural,791
10,203,1026,217252,VILLAGE,Bhaunri,Rural,205
10,203,1026,217253,VILLAGE,Khapparsa,Rural,58
10,203,1026,217254,VILLAGE,Parsa,Rural,617
10,203,1026,217255,VILLAGE,Masaha,Rural,8
10,203,1026,217256,VILLAGE,Surajpur,Rural,859
10,203,1026,217257,VILLAGE,Haripur,Rural,2438
10,203,1026,217258,VILLAGE,Parsotimpur,Rural,131
10,203,1026,217259,VILLAGE,Pokharia,Rural,478
10,203,1026,217260,VILLAGE,Pasrampur,Rural,323
10,203,1026,217261,VILLAGE,Mathia,Rural,405
10,203,1026,217262,VILLAGE,Kangli,Rural,129
10,203,1026,217263,VILLAGE,Senuariya,Rural,699
10,203,1026,217264,VILLAGE,Basantpur,Rural,357
10,203,1026,217265,VILLAGE,Bheriharwa,Rural,336
10,203,1026,217266,VILLAGE,Sabaithwa,Rural,465
10,203,1026,217267,VILLAGE,Bahuarwa,Rural,271
10,203,1026,217268,VILLAGE,Indarwa,Rural,103
10,203,1026,217269,VILLAGE,Bishunpurwa,Rural,231
10,203,1026,217270,VILLAGE,Maswas,Rural,639
10,203,1026,217271,VILLAGE,Bhawanipur,Rural,546
10,203,1026,217272,VILLAGE,Majharia,Rural,271
10,203,1026,217273,VILLAGE,Tola Majharia,Rural,24
10,203,1026,217274,VILLAGE,Sugaha,Rural,393
10,203,1026,217275,VILLAGE,Chhapainia,Rural,242
10,203,1026,217277,VILLAGE,Gamharia Birnagar,Rural,618
10,203,1026,217278,VILLAGE,Bhawanipur Tola Majharia,Rural,25
10,203,1027,0,SUB-DISTRICT,Majhaulia,Total,57736
10,203,1027,0,SUB-DISTRICT,Majhaulia,Rural,57736
10,203,1027,0,SUB-DISTRICT,Majhaulia,Urban,0
10,203,1027,217279,VILLAGE,Bairagi Dih,Rural,89
10,203,1027,217280,VILLAGE,Bisambharpur,Rural,606
10,203,1027,217281,VILLAGE,Muluka Tola,Rural,186
10,203,1027,217282,VILLAGE,Mahanagni,Rural,1590
10,203,1027,217283,VILLAGE,Chailabhar,Rural,1038
10,203,1027,217284,VILLAGE,Chanainbandh,Rural,832
10,203,1027,217285,VILLAGE,Khutia Indu,Rural,383
10,203,1027,217286,VILLAGE,Ratanmala,Rural,2437
10,203,1027,217287,VILLAGE,Tola Utimpanre,Rural,196
10,203,1027,217288,VILLAGE,Musahri Tola Bankat,Rural,312
10,203,1027,217289,VILLAGE,Bharwalia,Rural,348
10,203,1027,217290,VILLAGE,Tola Khap Bankat Andar Rataumala,Rural,49
10,203,1027,217291,VILLAGE,Siriswa,Rural,1518
10,203,1027,217292,VILLAGE,Pipra Dube,Rural,165
10,203,1027,217293,VILLAGE,Mathia urf Bhataulia,Rural,495
10,203,1027,217294,VILLAGE,Pakri Paras,Rural,577
10,203,1027,217295,VILLAGE,Dudha Chaturi,Rural,139
10,203,1027,217296,VILLAGE,Mathia Ojha,Rural,389
10,203,1027,217297,VILLAGE,Dhankutwa,Rural,157
10,203,1027,217298,VILLAGE,Baghambarpur,Rural,127
10,203,1027,217299,VILLAGE,Barwa,Rural,499
10,203,1027,217300,VILLAGE,Semraghat,Rural,796
10,203,1027,217301,VILLAGE,Harpur,Rural,3840
10,203,1027,217302,VILLAGE,Rampurwa,Rural,2190
10,203,1027,217303,VILLAGE,Raghunathpur,Rural,322
10,203,1027,217304,VILLAGE,Semra Birit,Rural,534
10,203,1027,217305,VILLAGE,Mathia Birit Bandobasti,Rural,178
10,203,1027,217306,VILLAGE,Mathia Birit,Rural,236
10,203,1027,217307,VILLAGE,Bekhabra,Rural,344
10,203,1027,217308,VILLAGE,Nautan Khurd,Rural,951
10,203,1027,217309,VILLAGE,Dudha,Rural,164
10,203,1027,217310,VILLAGE,Dhokraha,Rural,1073
10,203,1027,217311,VILLAGE,Bhaluhi,Rural,250
10,203,1027,217312,VILLAGE,Gurchurwa,Rural,673
10,203,1027,217313,VILLAGE,Majhwalia,Rural,1189
10,203,1027,217314,VILLAGE,Mohiuddinpur,Rural,319
10,203,1027,217315,VILLAGE,Basara,Rural,450
10,203,1027,217316,VILLAGE,Mahodipur Tola Bhat,Rural,422
10,203,1027,217317,VILLAGE,Pakrihari,Rural,237
10,203,1027,217318,VILLAGE,Satbherwa,Rural,675
10,203,1027,217319,VILLAGE,Bhana Chak,Rural,892
10,203,1027,217320,VILLAGE,Ramnagar Bankat,Rural,1671
10,203,1027,217321,VILLAGE,Amwa Majhar,Rural,1762
10,203,1027,217322,VILLAGE,Tola Jagarnathpur,Rural,301
10,203,1027,217323,VILLAGE,Rampur Bairagi,Rural,160
10,203,1027,217324,VILLAGE,Bisambharpur,Rural,589
10,203,1027,217325,VILLAGE,Kunria,Rural,472
10,203,1027,217326,VILLAGE,Parsotimpur,Rural,520
10,203,1027,217327,VILLAGE,Aunhar Shekh,Rural,1758
10,203,1027,217328,VILLAGE,Majharia Shekh,Rural,1418
10,203,1027,217329,VILLAGE,Lal Saraia,Rural,1476
10,203,1027,217331,VILLAGE,Baithania,Rural,398
10,203,1027,217332,VILLAGE,Narayanpur,Rural,61
10,203,1027,217334,VILLAGE,Ojhauliya,Rural,49
10,203,1027,217335,VILLAGE,Patkhaulia,Rural,60
10,203,1027,217336,VILLAGE,Thawaia,Rural,174
10,203,1027,217337,VILLAGE,Bilaspur,Rural,53
10,203,1027,217338,VILLAGE,Karamtola,Rural,112
10,203,1027,217339,VILLAGE,Gudra,Rural,900
10,203,1027,217340,VILLAGE,Bahuarwa,Rural,1948
10,203,1027,217341,VILLAGE,Rampurwa,Rural,200
10,203,1027,217342,VILLAGE,Madhopur,Rural,1451
10,203,1027,217343,VILLAGE,Katahia,Rural,966
10,203,1027,217344,VILLAGE,Senduria,Rural,1936
10,203,1027,217345,VILLAGE,Bakharia,Rural,1744
10,203,1027,217346,VILLAGE,Shampur,Rural,515
10,203,1027,217347,VILLAGE,Sirkohiya,Rural,209
10,203,1027,217348,VILLAGE,Parsa Tola Dumri,Rural,697
10,203,1027,217350,VILLAGE,Jawkatia,Rural,2744
10,203,1027,217351,VILLAGE,Rajabhar,Rural,750
10,203,1027,217352,VILLAGE,Karamwa,Rural,799
10,203,1027,217353,VILLAGE,Karamwa,Rural,755
10,203,1027,217354,VILLAGE,rulhi Nizamat,Rural,1074
10,203,1027,217355,VILLAGE,Parsa Tola Arazi Chakwar,Rural,4
10,203,1027,217356,VILLAGE,Parsa,Rural,2143
10,203,1028,0,SUB-DISTRICT,Bettiah,Total,41133
10,203,1028,0,SUB-DISTRICT,Bettiah,Rural,13649
10,203,1028,0,SUB-DISTRICT,Bettiah,Urban,27484
10,203,1028,217357,VILLAGE,Tola Chhawni,Rural,710
10,203,1028,217358,VILLAGE,Banu Chhapra,Rural,2202
10,203,1028,217359,VILLAGE,Ujjain Tola,Rural,34
10,203,1028,217361,VILLAGE,Tola Hardia,Rural,512
10,203,1028,217362,VILLAGE,Barwat Sena,Rural,1302
10,203,1028,217363,VILLAGE,Barwat Pasrain,Rural,2300
10,203,1028,217364,VILLAGE,Tola Loharpatti,Rural,134
10,203,1028,217365,VILLAGE,Gondauli,Rural,1544
10,203,1028,217366,VILLAGE,Dodusahia Padri,Rural,141
10,203,1028,217367,VILLAGE,Tola Baijnathpur,Rural,584
10,203,1028,217368,VILLAGE,Pipra Pakri,Rural,2293
10,203,1028,217369,VILLAGE,Barwat Lachchhu,Rural,293
10,203,1028,217370,VILLAGE,Rupdih,Rural,379
10,203,1028,217371,VILLAGE,Auhar Majharia,Rural,1221
10,203,1028,801281,TOWN,Bettiah (Nagar Parishad),Urban,24463
10,203,1028,801281,WARD,Bettiah (Nagar Parishad) WARD NO.-0001,Urban,885
10,203,1028,801281,WARD,Bettiah (Nagar Parishad) WARD NO.-0002,Urban,754
10,203,1028,801281,WARD,Bettiah (Nagar Parishad) WARD NO.-0003,Urban,743
10,203,1028,801281,WARD,Bettiah (Nagar Parishad) WARD NO.-0004,Urban,815
10,203,1028,801281,WARD,Bettiah (Nagar Parishad) WARD NO.-0005,Urban,738
10,203,1028,801281,WARD,Bettiah (Nagar Parishad) WARD NO.-0006,Urban,443
10,203,1028,801281,WARD,Bettiah (Nagar Parishad) WARD NO.-0007,Urban,768
10,203,1028,801281,WARD,Bettiah (Nagar Parishad) WARD NO.-0008,Urban,659
10,203,1028,801281,WARD,Bettiah (Nagar Parishad) WARD NO.-0009,Urban,819
10,203,1028,801281,WARD,Bettiah (Nagar Parishad) WARD NO.-0010,Urban,692
10,203,1028,801281,WARD,Bettiah (Nagar Parishad) WARD NO.-0011,Urban,386
10,203,1028,801281,WARD,Bettiah (Nagar Parishad) WARD NO.-0012,Urban,598
10,203,1028,801281,WARD,Bettiah (Nagar Parishad) WARD NO.-0013,Urban,231
10,203,1028,801281,WARD,Bettiah (Nagar Parishad) WARD NO.-0014,Urban,617
10,203,1028,801281,WARD,Bettiah (Nagar Parishad) WARD NO.-0015,Urban,683
10,203,1028,801281,WARD,Bettiah (Nagar Parishad) WARD NO.-0016,Urban,495
10,203,1028,801281,WARD,Bettiah (Nagar Parishad) WARD NO.-0017,Urban,469
10,203,1028,801281,WARD,Bettiah (Nagar Parishad) WARD NO.-0018,Urban,501
10,203,1028,801281,WARD,Bettiah (Nagar Parishad) WARD NO.-0019,Urban,621
10,203,1028,801281,WARD,Bettiah (Nagar Parishad) WARD NO.-0020,Urban,645
10,203,1028,801281,WARD,Bettiah (Nagar Parishad) WARD NO.-0021,Urban,250
10,203,1028,801281,WARD,Bettiah (Nagar Parishad) WARD NO.-0022,Urban,519
10,203,1028,801281,WARD,Bettiah (Nagar Parishad) WARD NO.-0023,Urban,680
10,203,1028,801281,WARD,Bettiah (Nagar Parishad) WARD NO.-0024,Urban,542
10,203,1028,801281,WARD,Bettiah (Nagar Parishad) WARD NO.-0025,Urban,440
10,203,1028,801281,WARD,Bettiah (Nagar Parishad) WARD NO.-0026,Urban,540
10,203,1028,801281,WARD,Bettiah (Nagar Parishad) WARD NO.-0027,Urban,741
10,203,1028,801281,WARD,Bettiah (Nagar Parishad) WARD NO.-0028,Urban,764
10,203,1028,801281,WARD,Bettiah (Nagar Parishad) WARD NO.-0029,Urban,772
10,203,1028,801281,WARD,Bettiah (Nagar Parishad) WARD NO.-0030,Urban,738
10,203,1028,801281,WARD,Bettiah (Nagar Parishad) WARD NO.-0031,Urban,787
10,203,1028,801281,WARD,Bettiah (Nagar Parishad) WARD NO.-0032,Urban,1103
10,203,1028,801281,WARD,Bettiah (Nagar Parishad) WARD NO.-0033,Urban,554
10,203,1028,801281,WARD,Bettiah (Nagar Parishad) WARD NO.-0034,Urban,622
10,203,1028,801281,WARD,Bettiah (Nagar Parishad) WARD NO.-0035,Urban,612
10,203,1028,801281,WARD,Bettiah (Nagar Parishad) WARD NO.-0036,Urban,530
10,203,1028,801281,WARD,Bettiah (Nagar Parishad) WARD NO.-0037,Urban,671
10,203,1028,801281,WARD,Bettiah (Nagar Parishad) WARD NO.-0038,Urban,478
10,203,1028,801281,WARD,Bettiah (Nagar Parishad) WARD NO.-0039,Urban,558
10,203,1028,217372,TOWN,Tola Mansaraut (CT),Urban,1114
10,203,1028,217372,WARD,Tola Mansaraut (CT) WARD NO.-0001,Urban,1114
10,203,1028,217373,TOWN,Kargahia Purab (CT),Urban,1907
10,203,1028,217373,WARD,Kargahia Purab (CT) WARD NO.-0001,Urban,1907
10,203,1029,0,SUB-DISTRICT,Bairia,Total,38100
10,203,1029,0,SUB-DISTRICT,Bairia,Rural,36888
10,203,1029,0,SUB-DISTRICT,Bairia,Urban,1212
10,203,1029,217374,VILLAGE,Patjirwa,Rural,4944
10,203,1029,217375,VILLAGE,Surajpur,Rural,597
10,203,1029,217376,VILLAGE,Masan Dhab,Rural,342
10,203,1029,217377,VILLAGE,Gambhirpur,Rural,22
10,203,1029,217379,VILLAGE,Laukaria,Rural,1965
10,203,1029,217380,VILLAGE,Tadhwa Nandpur,Rural,2188
10,203,1029,217381,VILLAGE,Tadhwa Nandpur,Rural,471
10,203,1029,217382,VILLAGE,Tola Motipur,Rural,636
10,203,1029,217383,VILLAGE,Dumaria,Rural,2244
10,203,1029,217384,VILLAGE,Tola Malahi,Rural,1563
10,203,1029,217385,VILLAGE,Balua Rampur,Rural,1162
10,203,1029,217386,VILLAGE,Sirsia Mathia,Rural,976
10,203,1029,217387,VILLAGE,Baghambarpur,Rural,2292
10,203,1029,217388,VILLAGE,Nimuia,Rural,168
10,203,1029,217389,VILLAGE,Bhitaha Nizamat,Rural,1006
10,203,1029,217390,VILLAGE,Khusi Tola,Rural,177
10,203,1029,217391,VILLAGE,Mathauli,Rural,395
10,203,1029,217392,VILLAGE,Mathia Bandobasti,Rural,484
10,203,1029,217393,VILLAGE,Malkauli,Rural,207
10,203,1029,217394,VILLAGE,Pat Khauli,Rural,137
10,203,1029,217395,VILLAGE,Bhataulia,Rural,1024
10,203,1029,217396,VILLAGE,Majhariya,Rural,471
10,203,1029,217397,VILLAGE,Siswa Sarea,Rural,777
10,203,1029,217398,VILLAGE,Motihari,Rural,214
10,203,1029,217399,VILLAGE,Tola Tumkaraia,Rural,594
10,203,1029,217400,VILLAGE,Bagahi,Rural,2911
10,203,1029,217401,VILLAGE,Bairia,Rural,2570
10,203,1029,217402,VILLAGE,Mianapur Dubauli,Rural,1773
10,203,1029,217403,VILLAGE,Phul Jharia,Rural,290
10,203,1029,217404,VILLAGE,Phatu Chhapar,Rural,761
10,203,1029,217405,VILLAGE,Arazi Bandobasti Phulia Khanr,Rural,239
10,203,1029,217406,VILLAGE,Phulia Khanr,Rural,515
10,203,1029,217407,VILLAGE,Machharganwa,Rural,526
10,203,1029,217408,VILLAGE,Raj Ghat,Rural,62
10,203,1029,217409,VILLAGE,Gobrahi,Rural,58
10,203,1029,217410,VILLAGE,Tola Alpaha,Rural,188
10,203,1029,217411,VILLAGE,Tola Dih Bharauwa,Rural,72
10,203,1029,217412,VILLAGE,Baijua,Rural,554
10,203,1029,217413,VILLAGE,Tola Ghusiani,Rural,13
10,203,1029,217414,VILLAGE,Jagdishpur,Rural,232
10,203,1029,217415,VILLAGE,Dih Bharauwa,Rural,58
10,203,1029,217416,VILLAGE,Narayanpur,Rural,65
10,203,1029,217417,VILLAGE,Gaura,Rural,25
10,203,1029,217419,VILLAGE,Ramnagar,Rural,28
10,203,1029,217420,VILLAGE,Dih Bharauwa,Rural,37
10,203,1029,217423,VILLAGE,Misir Bherihari,Rural,39
10,203,1029,217424,VILLAGE,Dih Bherihari,Rural,103
10,203,1029,217425,VILLAGE,Patkhaulia,Rural,172
10,203,1029,217426,VILLAGE,Tola Asaram,Rural,124
10,203,1029,217427,VILLAGE,Tola Mansa Dube,Rural,330
10,203,1029,217428,VILLAGE,Baldew Panditwa,Rural,87
10,203,1029,217429,TOWN,Hat Saraiya (CT),Urban,1212
10,203,1029,217429,WARD,Hat Saraiya (CT) WARD NO.-0001,Urban,1212
10,203,1030,0,SUB-DISTRICT,Nautan,Total,44667
10,203,1030,0,SUB-DISTRICT,Nautan,Rural,44667
10,203,1030,0,SUB-DISTRICT,Nautan,Urban,0
10,203,1030,217430,VILLAGE,Tola Parbatia,Rural,465
10,203,1030,217431,VILLAGE,Tola Nurkhap Urf Baswaria,Rural,138
10,203,1030,217432,VILLAGE,Nautan Dube,Rural,6042
10,203,1030,217433,VILLAGE,Parsauni,Rural,641
10,203,1030,217434,VILLAGE,Mangalpur Gudaria,Rural,1992
10,203,1030,217435,VILLAGE,Baikunthwa,Rural,514
10,203,1030,217436,VILLAGE,Mangalpur Kalan,Rural,772
10,203,1030,217437,VILLAGE,Bariarpur Khuntahi,Rural,18
10,203,1030,217438,VILLAGE,Nautan Khas,Rural,564
10,203,1030,217439,VILLAGE,Shampur Kotraha,Rural,1011
10,203,1030,217440,VILLAGE,Bairia,Rural,406
10,203,1030,217441,VILLAGE,Ramnagr,Rural,348
10,203,1030,217442,VILLAGE,Gahiri,Rural,1620
10,203,1030,217443,VILLAGE,Telua,Rural,3221
10,203,1030,217444,VILLAGE,Dabariya,Rural,747
10,203,1030,217445,VILLAGE,Maruaha,Rural,1257
10,203,1030,217446,VILLAGE,Telua,Rural,722
10,203,1030,217447,VILLAGE,Tola Jhakhra,Rural,1751
10,203,1030,217448,VILLAGE,Majharia Kishun,Rural,598
10,203,1030,217449,VILLAGE,Pakaria,Rural,1401
10,203,1030,217450,VILLAGE,Rekha Sundarpatti,Rural,774
10,203,1030,217451,VILLAGE,Lilapatti,Rural,213
10,203,1030,217452,VILLAGE,Bardaha,Rural,1139
10,203,1030,217453,VILLAGE,Baikunthwa,Rural,856
10,203,1030,217454,VILLAGE,Churamanpatti,Rural,233
10,203,1030,217455,VILLAGE,Bishunpura,Rural,1473
10,203,1030,217456,VILLAGE,Tola Paterhwa,Rural,344
10,203,1030,217457,VILLAGE,Tola Khadda,Rural,2396
10,203,1030,217458,VILLAGE,Purandarpur,Rural,558
10,203,1030,217459,VILLAGE,Tola Sonsaraiya,Rural,1401
10,203,1030,217460,VILLAGE,Dhumnagar,Rural,2785
10,203,1030,217461,VILLAGE,Chargaha,Rural,413
10,203,1030,217462,VILLAGE,Jamunia,Rural,1092
10,203,1030,217463,VILLAGE,Bahuarwa,Rural,465
10,203,1030,217464,VILLAGE,Tola Halkhorwa,Rural,244
10,203,1030,217465,VILLAGE,Tola Gahiri,Rural,1139
10,203,1030,217466,VILLAGE,Jagdishpur,Rural,1451
10,203,1030,217467,VILLAGE,Phulia Khanr,Rural,68
10,203,1030,217468,VILLAGE,Shampur,Rural,248
10,203,1030,217469,VILLAGE,Siurajpur,Rural,2600
10,203,1030,217472,VILLAGE,Bisambharpur,Rural,159
10,203,1030,217473,VILLAGE,Bhagwanpur,Rural,388
